Frame No,Q1,Q2,Q3,Q1,Q2,Q3
1,1534,3308,3327,1.534,3.308,3.327
2,84,161,161,0.084,0.161,0.161
3,76,148,149,0.076,0.148,0.149
4,77,148,148,0.077,0.148,0.148
5,75,142,142,0.075,0.142,0.142
6,79,142,143,0.079,0.142,0.143
7,77,148,148,0.077,0.148,0.148
8,82,151,152,0.082,0.151,0.152
9,76,130,131,0.076,0.13,0.131
10,76,164,166,0.076,0.164,0.166
11,84,166,167,0.084,0.166,0.167
12,77,139,139,0.077,0.139,0.139
13,78,149,150,0.078,0.149,0.15
14,78,145,145,0.078,0.145,0.145
15,88,173,174,0.088,0.173,0.174
16,84,146,147,0.084,0.146,0.147
17,83,158,159,0.083,0.158,0.159
18,86,164,165,0.086,0.164,0.165
19,91,143,143,0.091,0.143,0.143
20,91,145,145,0.091,0.145,0.145
21,90,184,185,0.09,0.184,0.185
22,100,171,171,0.1,0.171,0.171
23,109,109,109,0.109,0.109,0.109
24,105,105,105,0.105,0.105,0.105
25,126,126,127,0.126,0.126,0.127
26,108,108,108,0.108,0.108,0.108
27,114,114,114,0.114,0.114,0.114
28,89,89,91,0.089,0.089,0.091
29,93,93,93,0.093,0.093,0.093
30,98,98,98,0.098,0.098,0.098
31,100,100,102,0.1,0.1,0.102
32,98,98,98,0.098,0.098,0.098
33,102,102,102,0.102,0.102,0.102
34,105,105,105,0.105,0.105,0.105
35,100,100,100,0.1,0.1,0.1
36,85,85,85,0.085,0.085,0.085
37,90,90,90,0.09,0.09,0.09
38,82,82,82,0.082,0.082,0.082
39,84,84,84,0.084,0.084,0.084
40,84,84,84,0.084,0.084,0.084
41,79,79,79,0.079,0.079,0.079
42,84,85,85,0.084,0.085,0.085
43,80,80,80,0.08,0.08,0.08
44,84,85,85,0.084,0.085,0.085
45,82,82,82,0.082,0.082,0.082
46,85,85,85,0.085,0.085,0.085
47,77,77,77,0.077,0.077,0.077
48,82,82,82,0.082,0.082,0.082
49,92,92,92,0.092,0.092,0.092
50,83,83,83,0.083,0.083,0.083
51,82,82,82,0.082,0.082,0.082
52,79,79,79,0.079,0.079,0.079
53,84,84,84,0.084,0.084,0.084
54,82,147,148,0.082,0.147,0.148
55,94,175,176,0.094,0.175,0.176
56,91,166,168,0.091,0.166,0.168
57,99,171,171,0.099,0.171,0.171
58,96,166,168,0.096,0.166,0.168
59,95,167,167,0.095,0.167,0.167
60,96,176,177,0.096,0.176,0.177
61,87,177,177,0.087,0.177,0.177
62,94,155,155,0.094,0.155,0.155
63,97,165,166,0.097,0.165,0.166
64,101,162,163,0.101,0.162,0.163
65,97,173,174,0.097,0.173,0.174
66,92,170,170,0.092,0.17,0.17
67,94,183,185,0.094,0.183,0.185
68,92,167,168,0.092,0.167,0.168
69,100,163,164,0.1,0.163,0.164
70,98,185,186,0.098,0.185,0.186
71,95,171,172,0.095,0.171,0.172
72,97,184,184,0.097,0.184,0.184
73,105,172,173,0.105,0.172,0.173
74,109,194,195,0.109,0.194,0.195
75,105,180,181,0.105,0.18,0.181
76,98,175,177,0.098,0.175,0.177
77,101,182,183,0.101,0.182,0.183
78,85,160,161,0.085,0.16,0.161
79,89,158,158,0.089,0.158,0.158
80,88,172,172,0.088,0.172,0.172
81,86,86,86,0.086,0.086,0.086
82,76,76,76,0.076,0.076,0.076
83,82,82,82,0.082,0.082,0.082
84,78,78,78,0.078,0.078,0.078
85,76,76,76,0.076,0.076,0.076
86,78,78,78,0.078,0.078,0.078
87,81,171,172,0.081,0.171,0.172
88,97,165,165,0.097,0.165,0.165
89,97,179,179,0.097,0.179,0.179
90,107,164,165,0.107,0.164,0.165
91,100,169,169,0.1,0.169,0.169
92,104,168,169,0.104,0.168,0.169
93,110,180,183,0.11,0.18,0.183
94,94,159,159,0.094,0.159,0.159
95,93,158,160,0.093,0.158,0.16
96,105,172,172,0.105,0.172,0.172
97,100,187,187,0.1,0.187,0.187
98,102,167,168,0.102,0.167,0.168
99,96,162,162,0.096,0.162,0.162
100,91,171,171,0.091,0.171,0.171
101,99,170,170,0.099,0.17,0.17
102,100,175,177,0.1,0.175,0.177
103,94,173,173,0.094,0.173,0.173
104,98,182,182,0.098,0.182,0.182
105,98,188,189,0.098,0.188,0.189
106,94,174,175,0.094,0.174,0.175
107,96,174,177,0.096,0.174,0.177
108,89,161,162,0.089,0.161,0.162
109,100,169,170,0.1,0.169,0.17
110,105,179,180,0.105,0.179,0.18
111,95,166,166,0.095,0.166,0.166
112,103,175,176,0.103,0.175,0.176
113,97,162,162,0.097,0.162,0.162
114,101,101,101,0.101,0.101,0.101
115,82,82,82,0.082,0.082,0.082
116,82,82,82,0.082,0.082,0.082
117,80,80,80,0.08,0.08,0.08
118,78,79,79,0.078,0.079,0.079
119,81,81,81,0.081,0.081,0.081
120,82,82,82,0.082,0.082,0.082
121,84,84,84,0.084,0.084,0.084
122,78,78,78,0.078,0.078,0.078
123,83,83,83,0.083,0.083,0.083
124,85,85,85,0.085,0.085,0.085
125,78,78,78,0.078,0.078,0.078
126,78,78,78,0.078,0.078,0.078
127,78,78,78,0.078,0.078,0.078
128,83,83,83,0.083,0.083,0.083
129,78,78,78,0.078,0.078,0.078
130,76,76,76,0.076,0.076,0.076
131,79,79,79,0.079,0.079,0.079
132,84,84,84,0.084,0.084,0.084
133,106,106,106,0.106,0.106,0.106
134,79,80,80,0.079,0.08,0.08
135,79,79,79,0.079,0.079,0.079
136,86,169,170,0.086,0.169,0.17
137,90,166,166,0.09,0.166,0.166
138,97,162,162,0.097,0.162,0.162
139,103,174,175,0.103,0.174,0.175
140,90,146,146,0.09,0.146,0.146
141,90,161,162,0.09,0.161,0.162
142,100,188,188,0.1,0.188,0.188
143,91,162,162,0.091,0.162,0.162
144,94,175,176,0.094,0.175,0.176
145,96,180,181,0.096,0.18,0.181
146,96,164,165,0.096,0.164,0.165
147,99,201,201,0.099,0.201,0.201
148,112,190,190,0.112,0.19,0.19
149,108,187,187,0.108,0.187,0.187
150,113,189,191,0.113,0.189,0.191
151,99,186,186,0.099,0.186,0.186
152,84,145,146,0.084,0.145,0.146
153,90,167,167,0.09,0.167,0.167
154,86,161,161,0.086,0.161,0.161
155,85,159,160,0.085,0.159,0.16
156,85,157,157,0.085,0.157,0.157
157,86,155,156,0.086,0.155,0.156
158,89,146,146,0.089,0.146,0.146
159,91,173,173,0.091,0.173,0.173
160,82,151,151,0.082,0.151,0.151
161,88,158,158,0.088,0.158,0.158
162,86,156,156,0.086,0.156,0.156
163,92,93,93,0.092,0.093,0.093
164,72,136,136,0.072,0.136,0.136
165,89,89,89,0.089,0.089,0.089
166,72,72,73,0.072,0.072,0.073
167,70,70,70,0.07,0.07,0.07
168,80,80,80,0.08,0.08,0.08
169,75,75,75,0.075,0.075,0.075
170,75,75,75,0.075,0.075,0.075
171,78,78,78,0.078,0.078,0.078
172,74,74,74,0.074,0.074,0.074
173,71,71,71,0.071,0.071,0.071
174,74,74,74,0.074,0.074,0.074
175,73,73,73,0.073,0.073,0.073
176,75,75,75,0.075,0.075,0.075
177,73,73,73,0.073,0.073,0.073
178,77,77,77,0.077,0.077,0.077
179,74,74,75,0.074,0.074,0.075
180,71,71,71,0.071,0.071,0.071
181,72,72,72,0.072,0.072,0.072
182,76,76,76,0.076,0.076,0.076
183,72,72,72,0.072,0.072,0.072
184,73,73,73,0.073,0.073,0.073
185,70,70,70,0.07,0.07,0.07
186,75,75,75,0.075,0.075,0.075
187,73,73,73,0.073,0.073,0.073
188,74,74,74,0.074,0.074,0.074
189,70,70,70,0.07,0.07,0.07
190,74,74,75,0.074,0.074,0.075
191,77,78,78,0.077,0.078,0.078
192,75,75,75,0.075,0.075,0.075
193,82,82,82,0.082,0.082,0.082
194,70,72,72,0.07,0.072,0.072
195,77,77,77,0.077,0.077,0.077
196,77,77,77,0.077,0.077,0.077
197,75,75,75,0.075,0.075,0.075
198,76,76,76,0.076,0.076,0.076
199,71,71,71,0.071,0.071,0.071
200,75,75,75,0.075,0.075,0.075
201,76,76,76,0.076,0.076,0.076
202,81,81,81,0.081,0.081,0.081
203,83,83,83,0.083,0.083,0.083
204,89,89,89,0.089,0.089,0.089
205,88,88,88,0.088,0.088,0.088
206,87,87,87,0.087,0.087,0.087
207,89,90,90,0.089,0.09,0.09
208,86,86,86,0.086,0.086,0.086
209,94,94,94,0.094,0.094,0.094
210,93,93,93,0.093,0.093,0.093
211,90,90,90,0.09,0.09,0.09
212,90,90,90,0.09,0.09,0.09
213,88,88,88,0.088,0.088,0.088
214,90,90,90,0.09,0.09,0.09
215,91,91,91,0.091,0.091,0.091
216,92,92,92,0.092,0.092,0.092
217,91,91,91,0.091,0.091,0.091
218,87,87,87,0.087,0.087,0.087
219,84,84,84,0.084,0.084,0.084
220,92,92,92,0.092,0.092,0.092
221,94,94,94,0.094,0.094,0.094
222,88,88,88,0.088,0.088,0.088
223,93,93,93,0.093,0.093,0.093
224,89,89,89,0.089,0.089,0.089
225,91,91,91,0.091,0.091,0.091
226,96,96,96,0.096,0.096,0.096
227,88,88,88,0.088,0.088,0.088
228,93,93,93,0.093,0.093,0.093
229,89,89,89,0.089,0.089,0.089
230,90,90,90,0.09,0.09,0.09
231,129,129,130,0.129,0.129,0.13
232,104,104,104,0.104,0.104,0.104
233,97,97,97,0.097,0.097,0.097
234,94,94,94,0.094,0.094,0.094
235,94,94,94,0.094,0.094,0.094
236,92,92,92,0.092,0.092,0.092
237,93,93,93,0.093,0.093,0.093
238,89,89,89,0.089,0.089,0.089
239,94,94,94,0.094,0.094,0.094
240,86,86,86,0.086,0.086,0.086
241,94,94,94,0.094,0.094,0.094
242,88,88,88,0.088,0.088,0.088
243,92,92,92,0.092,0.092,0.092
244,93,93,93,0.093,0.093,0.093
245,94,94,94,0.094,0.094,0.094
246,103,103,103,0.103,0.103,0.103
247,105,105,105,0.105,0.105,0.105
248,127,127,127,0.127,0.127,0.127
249,126,126,127,0.126,0.126,0.127
250,126,126,126,0.126,0.126,0.126
251,128,128,128,0.128,0.128,0.128
252,127,127,127,0.127,0.127,0.127
253,134,134,134,0.134,0.134,0.134
254,128,128,129,0.128,0.128,0.129
255,132,132,132,0.132,0.132,0.132
256,132,132,132,0.132,0.132,0.132
257,126,127,127,0.126,0.127,0.127
258,127,127,127,0.127,0.127,0.127
259,122,122,122,0.122,0.122,0.122
260,132,132,132,0.132,0.132,0.132
261,128,128,128,0.128,0.128,0.128
262,129,129,129,0.129,0.129,0.129
263,125,125,126,0.125,0.125,0.126
264,121,121,121,0.121,0.121,0.121
265,125,125,125,0.125,0.125,0.125
266,122,122,122,0.122,0.122,0.122
267,161,161,162,0.161,0.161,0.162
268,191,191,192,0.191,0.191,0.192
269,173,173,173,0.173,0.173,0.173
270,165,165,165,0.165,0.165,0.165
271,160,160,161,0.16,0.16,0.161
272,154,154,154,0.154,0.154,0.154
273,161,161,161,0.161,0.161,0.161
274,167,167,167,0.167,0.167,0.167
275,166,166,166,0.166,0.166,0.166
276,163,163,163,0.163,0.163,0.163
277,166,166,166,0.166,0.166,0.166
278,160,160,160,0.16,0.16,0.16
279,162,162,162,0.162,0.162,0.162
280,165,165,165,0.165,0.165,0.165
281,181,181,181,0.181,0.181,0.181
282,179,179,179,0.179,0.179,0.179
283,173,173,173,0.173,0.173,0.173
284,195,196,196,0.195,0.196,0.196
285,187,187,187,0.187,0.187,0.187
286,165,165,165,0.165,0.165,0.165
287,152,152,152,0.152,0.152,0.152
288,161,162,162,0.161,0.162,0.162
289,157,157,157,0.157,0.157,0.157
290,157,157,157,0.157,0.157,0.157
291,161,161,161,0.161,0.161,0.161
292,166,166,166,0.166,0.166,0.166
293,172,173,173,0.172,0.173,0.173
294,178,178,178,0.178,0.178,0.178
295,167,167,167,0.167,0.167,0.167
296,150,150,150,0.15,0.15,0.15
297,151,151,151,0.151,0.151,0.151
298,160,161,161,0.16,0.161,0.161
299,183,183,183,0.183,0.183,0.183
300,167,168,168,0.167,0.168,0.168
301,154,154,154,0.154,0.154,0.154
302,139,139,139,0.139,0.139,0.139
303,132,132,132,0.132,0.132,0.132
304,124,124,124,0.124,0.124,0.124
305,124,124,124,0.124,0.124,0.124
306,124,124,124,0.124,0.124,0.124
307,141,141,141,0.141,0.141,0.141
308,144,144,144,0.144,0.144,0.144
309,136,136,136,0.136,0.136,0.136
310,129,129,129,0.129,0.129,0.129
311,130,130,130,0.13,0.13,0.13
312,127,127,127,0.127,0.127,0.127
313,128,128,128,0.128,0.128,0.128
314,126,126,126,0.126,0.126,0.126
315,128,128,128,0.128,0.128,0.128
316,161,161,161,0.161,0.161,0.161
317,165,166,167,0.165,0.166,0.167
318,185,185,185,0.185,0.185,0.185
319,164,164,164,0.164,0.164,0.164
320,157,157,157,0.157,0.157,0.157
321,151,151,151,0.151,0.151,0.151
322,154,154,154,0.154,0.154,0.154
323,167,167,167,0.167,0.167,0.167
324,185,185,185,0.185,0.185,0.185
325,168,168,168,0.168,0.168,0.168
326,167,167,167,0.167,0.167,0.167
327,182,182,182,0.182,0.182,0.182
328,234,234,234,0.234,0.234,0.234
329,212,212,212,0.212,0.212,0.212
330,211,211,211,0.211,0.211,0.211
331,227,227,227,0.227,0.227,0.227
332,241,241,241,0.241,0.241,0.241
333,214,214,214,0.214,0.214,0.214
334,226,226,226,0.226,0.226,0.226
335,232,233,233,0.232,0.233,0.233
336,223,223,223,0.223,0.223,0.223
337,206,207,207,0.206,0.207,0.207
338,204,204,204,0.204,0.204,0.204
339,193,193,193,0.193,0.193,0.193
340,246,246,246,0.246,0.246,0.246
341,243,243,244,0.243,0.243,0.244
342,240,240,241,0.24,0.24,0.241
343,241,241,241,0.241,0.241,0.241
344,212,212,212,0.212,0.212,0.212
345,218,218,218,0.218,0.218,0.218
346,265,265,265,0.265,0.265,0.265
347,230,230,230,0.23,0.23,0.23
348,218,220,220,0.218,0.22,0.22
349,202,202,202,0.202,0.202,0.202
350,241,241,241,0.241,0.241,0.241
351,235,235,235,0.235,0.235,0.235
352,225,225,225,0.225,0.225,0.225
353,259,259,259,0.259,0.259,0.259
354,246,246,246,0.246,0.246,0.246
355,274,274,274,0.274,0.274,0.274
356,248,249,249,0.248,0.249,0.249
357,222,222,222,0.222,0.222,0.222
358,270,270,270,0.27,0.27,0.27
359,258,258,259,0.258,0.258,0.259
360,209,209,210,0.209,0.209,0.21
361,227,227,227,0.227,0.227,0.227
362,249,250,250,0.249,0.25,0.25
363,262,262,262,0.262,0.262,0.262
364,202,202,202,0.202,0.202,0.202
365,188,188,188,0.188,0.188,0.188
366,171,171,171,0.171,0.171,0.171
367,208,208,208,0.208,0.208,0.208
368,228,228,228,0.228,0.228,0.228
369,188,188,188,0.188,0.188,0.188
370,165,165,165,0.165,0.165,0.165
371,162,163,163,0.162,0.163,0.163
372,176,176,176,0.176,0.176,0.176
373,221,221,221,0.221,0.221,0.221
374,279,279,279,0.279,0.279,0.279
375,247,247,247,0.247,0.247,0.247
376,260,260,260,0.26,0.26,0.26
377,256,256,256,0.256,0.256,0.256
378,228,228,228,0.228,0.228,0.228
379,218,218,218,0.218,0.218,0.218
380,264,265,266,0.264,0.265,0.266
381,314,314,314,0.314,0.314,0.314
382,275,275,277,0.275,0.275,0.277
383,294,294,294,0.294,0.294,0.294
384,315,315,315,0.315,0.315,0.315
385,300,300,301,0.3,0.3,0.301
386,308,308,308,0.308,0.308,0.308
387,309,310,310,0.309,0.31,0.31
388,294,294,294,0.294,0.294,0.294
389,337,337,337,0.337,0.337,0.337
390,322,322,322,0.322,0.322,0.322
391,311,311,311,0.311,0.311,0.311
392,317,317,317,0.317,0.317,0.317
393,324,324,324,0.324,0.324,0.324
394,277,277,277,0.277,0.277,0.277
395,284,285,285,0.284,0.285,0.285
396,308,308,308,0.308,0.308,0.308
397,283,283,283,0.283,0.283,0.283
398,289,290,290,0.289,0.29,0.29
399,311,312,312,0.311,0.312,0.312
400,296,296,296,0.296,0.296,0.296
401,280,280,281,0.28,0.28,0.281
402,270,270,270,0.27,0.27,0.27
403,287,470,472,0.287,0.47,0.472
404,310,486,488,0.31,0.486,0.488
405,297,519,521,0.297,0.519,0.521
406,294,488,490,0.294,0.488,0.49
407,300,553,555,0.3,0.553,0.555
408,293,469,471,0.293,0.469,0.471
409,288,523,526,0.288,0.523,0.526
410,299,472,475,0.299,0.472,0.475
411,294,487,489,0.294,0.487,0.489
412,312,481,483,0.312,0.481,0.483
413,318,551,553,0.318,0.551,0.553
414,309,496,499,0.309,0.496,0.499
415,312,528,531,0.312,0.528,0.531
416,311,514,516,0.311,0.514,0.516
417,309,535,538,0.309,0.535,0.538
418,292,507,509,0.292,0.507,0.509
419,296,518,520,0.296,0.518,0.52
420,312,514,516,0.312,0.514,0.516
421,296,296,296,0.296,0.296,0.296
422,276,276,277,0.276,0.276,0.277
423,317,532,534,0.317,0.532,0.534
424,320,320,320,0.32,0.32,0.32
425,282,282,282,0.282,0.282,0.282
426,294,295,295,0.294,0.295,0.295
427,277,277,277,0.277,0.277,0.277
428,289,289,289,0.289,0.289,0.289
429,285,285,286,0.285,0.285,0.286
430,299,523,525,0.299,0.523,0.525
431,294,496,497,0.294,0.496,0.497
432,313,313,313,0.313,0.313,0.313
433,310,310,310,0.31,0.31,0.31
434,302,302,303,0.302,0.302,0.303
435,283,283,285,0.283,0.283,0.285
436,281,281,281,0.281,0.281,0.281
437,296,296,296,0.296,0.296,0.296
438,297,297,297,0.297,0.297,0.297
439,281,281,282,0.281,0.281,0.282
440,307,307,307,0.307,0.307,0.307
441,281,281,282,0.281,0.281,0.282
442,290,290,290,0.29,0.29,0.29
443,304,304,305,0.304,0.304,0.305
444,298,298,298,0.298,0.298,0.298
445,289,289,289,0.289,0.289,0.289
446,307,307,308,0.307,0.307,0.308
447,317,317,317,0.317,0.317,0.317
448,303,303,304,0.303,0.303,0.304
449,299,299,299,0.299,0.299,0.299
450,322,322,323,0.322,0.322,0.323
451,297,297,297,0.297,0.297,0.297
452,304,304,304,0.304,0.304,0.304
453,317,317,317,0.317,0.317,0.317
454,323,323,323,0.323,0.323,0.323
455,292,292,292,0.292,0.292,0.292
456,274,274,274,0.274,0.274,0.274
457,291,291,291,0.291,0.291,0.291
458,283,283,283,0.283,0.283,0.283
459,279,279,280,0.279,0.279,0.28
460,284,284,284,0.284,0.284,0.284
461,266,266,266,0.266,0.266,0.266
462,242,242,242,0.242,0.242,0.242
463,249,249,249,0.249,0.249,0.249
464,277,277,277,0.277,0.277,0.277
465,271,271,271,0.271,0.271,0.271
466,275,275,275,0.275,0.275,0.275
467,279,280,280,0.279,0.28,0.28
468,259,259,259,0.259,0.259,0.259
469,279,279,280,0.279,0.279,0.28
470,256,256,256,0.256,0.256,0.256
471,272,272,272,0.272,0.272,0.272
472,233,233,234,0.233,0.233,0.234
473,258,258,259,0.258,0.258,0.259
474,274,275,275,0.274,0.275,0.275
475,279,279,279,0.279,0.279,0.279
476,229,229,229,0.229,0.229,0.229
477,285,286,286,0.285,0.286,0.286
478,264,265,265,0.264,0.265,0.265
479,265,265,265,0.265,0.265,0.265
480,267,267,267,0.267,0.267,0.267
481,255,255,255,0.255,0.255,0.255
482,242,242,242,0.242,0.242,0.242
483,253,253,253,0.253,0.253,0.253
484,273,273,273,0.273,0.273,0.273
485,251,251,251,0.251,0.251,0.251
486,264,265,265,0.264,0.265,0.265
487,277,277,277,0.277,0.277,0.277
488,275,275,275,0.275,0.275,0.275
489,248,249,249,0.248,0.249,0.249
490,244,244,244,0.244,0.244,0.244
491,262,262,262,0.262,0.262,0.262
492,260,260,260,0.26,0.26,0.26
493,255,255,255,0.255,0.255,0.255
494,268,268,269,0.268,0.268,0.269
495,244,456,458,0.244,0.456,0.458
496,285,485,487,0.285,0.485,0.487
497,264,457,458,0.264,0.457,0.458
498,273,473,474,0.273,0.473,0.474
499,287,479,481,0.287,0.479,0.481
500,267,419,421,0.267,0.419,0.421
501,262,456,458,0.262,0.456,0.458
502,304,476,478,0.304,0.476,0.478
503,274,497,500,0.274,0.497,0.5
504,250,427,429,0.25,0.427,0.429
505,268,457,459,0.268,0.457,0.459
506,245,388,390,0.245,0.388,0.39
507,228,384,386,0.228,0.384,0.386
508,233,424,426,0.233,0.424,0.426
509,260,407,409,0.26,0.407,0.409
510,219,361,363,0.219,0.361,0.363
511,218,352,358,0.218,0.352,0.358
512,256,441,443,0.256,0.441,0.443
513,243,422,424,0.243,0.422,0.424
514,247,382,383,0.247,0.382,0.383
515,226,373,375,0.226,0.373,0.375
516,244,390,392,0.244,0.39,0.392
517,239,368,370,0.239,0.368,0.37
518,228,382,383,0.228,0.382,0.383
519,208,407,408,0.208,0.407,0.408
520,255,429,430,0.255,0.429,0.43
521,232,368,369,0.232,0.368,0.369
522,204,360,361,0.204,0.36,0.361
523,236,236,236,0.236,0.236,0.236
524,230,230,230,0.23,0.23,0.23
525,205,205,205,0.205,0.205,0.205
526,231,231,231,0.231,0.231,0.231
527,205,205,205,0.205,0.205,0.205
528,190,190,190,0.19,0.19,0.19
529,204,204,204,0.204,0.204,0.204
530,240,240,240,0.24,0.24,0.24
531,215,215,215,0.215,0.215,0.215
532,218,218,218,0.218,0.218,0.218
533,205,205,206,0.205,0.205,0.206
534,217,217,217,0.217,0.217,0.217
535,209,209,209,0.209,0.209,0.209
536,184,186,186,0.184,0.186,0.186
537,187,187,188,0.187,0.187,0.188
538,227,227,227,0.227,0.227,0.227
539,217,217,217,0.217,0.217,0.217
540,225,226,226,0.225,0.226,0.226
541,218,218,218,0.218,0.218,0.218
542,200,200,200,0.2,0.2,0.2
543,197,198,198,0.197,0.198,0.198
544,190,190,190,0.19,0.19,0.19
545,231,232,232,0.231,0.232,0.232
546,213,213,213,0.213,0.213,0.213
547,202,202,202,0.202,0.202,0.202
548,190,190,191,0.19,0.19,0.191
549,219,219,219,0.219,0.219,0.219
550,229,229,229,0.229,0.229,0.229
551,214,214,214,0.214,0.214,0.214
552,204,204,205,0.204,0.204,0.205
553,216,217,217,0.216,0.217,0.217
554,219,219,219,0.219,0.219,0.219
555,201,201,201,0.201,0.201,0.201
556,195,195,195,0.195,0.195,0.195
557,206,206,206,0.206,0.206,0.206
558,222,222,222,0.222,0.222,0.222
559,210,210,210,0.21,0.21,0.21
560,188,188,188,0.188,0.188,0.188
561,210,210,210,0.21,0.21,0.21
562,227,227,227,0.227,0.227,0.227
563,234,234,234,0.234,0.234,0.234
564,219,219,219,0.219,0.219,0.219
565,228,229,229,0.228,0.229,0.229
566,268,268,268,0.268,0.268,0.268
567,229,229,229,0.229,0.229,0.229
568,202,202,202,0.202,0.202,0.202
569,283,283,283,0.283,0.283,0.283
570,268,269,269,0.268,0.269,0.269
571,228,228,228,0.228,0.228,0.228
572,266,266,266,0.266,0.266,0.266
573,336,336,336,0.336,0.336,0.336
574,264,264,264,0.264,0.264,0.264
575,315,545,546,0.315,0.545,0.546
576,323,550,553,0.323,0.55,0.553
577,315,539,540,0.315,0.539,0.54
578,378,685,688,0.378,0.685,0.688
579,473,473,473,0.473,0.473,0.473
580,374,669,672,0.374,0.669,0.672
581,432,744,747,0.432,0.744,0.747
582,528,916,920,0.528,0.916,0.92
583,448,728,734,0.448,0.728,0.734
584,390,598,601,0.39,0.598,0.601
585,288,491,493,0.288,0.491,0.493
586,306,526,528,0.306,0.526,0.528
587,348,597,599,0.348,0.597,0.599
588,332,576,578,0.332,0.576,0.578
589,319,505,507,0.319,0.505,0.507
590,286,488,490,0.286,0.488,0.49
591,253,417,421,0.253,0.417,0.421
592,231,413,415,0.231,0.413,0.415
593,256,429,431,0.256,0.429,0.431
594,216,350,352,0.216,0.35,0.352
595,229,375,377,0.229,0.375,0.377
596,243,436,438,0.243,0.436,0.438
597,273,448,450,0.273,0.448,0.45
598,244,404,406,0.244,0.404,0.406
599,222,385,388,0.222,0.385,0.388
600,233,376,377,0.233,0.376,0.377
601,221,382,383,0.221,0.382,0.383
602,216,216,216,0.216,0.216,0.216
603,239,239,240,0.239,0.239,0.24
604,249,249,249,0.249,0.249,0.249
605,202,202,202,0.202,0.202,0.202
606,196,196,196,0.196,0.196,0.196
607,295,295,295,0.295,0.295,0.295
608,252,252,252,0.252,0.252,0.252
609,196,196,196,0.196,0.196,0.196
610,198,200,200,0.198,0.2,0.2
611,195,195,195,0.195,0.195,0.195
612,229,229,229,0.229,0.229,0.229
613,232,232,232,0.232,0.232,0.232
614,215,215,215,0.215,0.215,0.215
615,215,216,216,0.215,0.216,0.216
616,268,268,268,0.268,0.268,0.268
617,243,243,243,0.243,0.243,0.243
618,244,244,244,0.244,0.244,0.244
619,252,252,252,0.252,0.252,0.252
620,254,254,254,0.254,0.254,0.254
621,241,243,244,0.241,0.243,0.244
622,218,218,218,0.218,0.218,0.218
623,255,255,255,0.255,0.255,0.255
624,230,230,230,0.23,0.23,0.23
625,205,206,206,0.205,0.206,0.206
626,212,212,212,0.212,0.212,0.212
627,209,209,209,0.209,0.209,0.209
628,254,254,254,0.254,0.254,0.254
629,222,223,223,0.222,0.223,0.223
630,202,202,202,0.202,0.202,0.202
631,280,280,280,0.28,0.28,0.28
632,283,284,284,0.283,0.284,0.284
633,276,276,277,0.276,0.276,0.277
634,238,238,238,0.238,0.238,0.238
635,313,313,315,0.313,0.313,0.315
636,226,226,227,0.226,0.226,0.227
637,227,227,227,0.227,0.227,0.227
638,287,287,287,0.287,0.287,0.287
639,269,269,269,0.269,0.269,0.269
640,267,267,267,0.267,0.267,0.267
641,305,305,306,0.305,0.305,0.306
642,264,267,267,0.264,0.267,0.267
643,294,295,296,0.294,0.295,0.296
644,299,299,299,0.299,0.299,0.299
645,466,466,467,0.466,0.466,0.467
646,241,241,241,0.241,0.241,0.241
647,257,258,258,0.257,0.258,0.258
648,227,227,227,0.227,0.227,0.227
649,201,201,201,0.201,0.201,0.201
650,218,218,218,0.218,0.218,0.218
651,238,430,433,0.238,0.43,0.433
652,260,462,463,0.26,0.462,0.463
653,252,507,509,0.252,0.507,0.509
654,279,430,432,0.279,0.43,0.432
655,227,388,390,0.227,0.388,0.39
656,228,381,382,0.228,0.381,0.382
657,268,440,442,0.268,0.44,0.442
658,283,513,515,0.283,0.513,0.515
659,275,473,476,0.275,0.473,0.476
660,275,458,461,0.275,0.458,0.461
661,243,375,378,0.243,0.375,0.378
662,253,437,440,0.253,0.437,0.44
663,278,446,450,0.278,0.446,0.45
664,236,437,439,0.236,0.437,0.439
665,218,371,375,0.218,0.371,0.375
666,226,396,397,0.226,0.396,0.397
667,240,484,486,0.24,0.484,0.486
668,272,480,483,0.272,0.48,0.483
669,316,514,516,0.316,0.514,0.516
670,274,416,420,0.274,0.416,0.42
671,238,386,387,0.238,0.386,0.387
672,229,393,395,0.229,0.393,0.395
673,234,462,464,0.234,0.462,0.464
674,331,540,542,0.331,0.54,0.542
675,307,550,552,0.307,0.55,0.552
676,288,461,462,0.288,0.461,0.462
677,255,432,433,0.255,0.432,0.433
678,231,377,378,0.231,0.377,0.378
679,226,371,372,0.226,0.371,0.372
680,222,222,222,0.222,0.222,0.222
681,212,212,212,0.212,0.212,0.212
682,227,227,230,0.227,0.227,0.23
683,213,214,214,0.213,0.214,0.214
684,208,208,208,0.208,0.208,0.208
685,219,219,219,0.219,0.219,0.219
686,243,243,243,0.243,0.243,0.243
687,209,209,209,0.209,0.209,0.209
688,195,195,195,0.195,0.195,0.195
689,219,220,220,0.219,0.22,0.22
690,240,240,240,0.24,0.24,0.24
691,198,198,198,0.198,0.198,0.198
692,191,192,192,0.191,0.192,0.192
693,206,206,206,0.206,0.206,0.206
694,234,234,234,0.234,0.234,0.234
695,220,221,221,0.22,0.221,0.221
696,213,213,213,0.213,0.213,0.213
697,241,241,241,0.241,0.241,0.241
698,229,229,229,0.229,0.229,0.229
699,200,200,200,0.2,0.2,0.2
700,207,207,207,0.207,0.207,0.207
701,209,209,209,0.209,0.209,0.209
702,267,267,267,0.267,0.267,0.267
703,253,253,253,0.253,0.253,0.253
704,224,224,224,0.224,0.224,0.224
705,276,276,276,0.276,0.276,0.276
706,267,267,267,0.267,0.267,0.267
707,270,270,270,0.27,0.27,0.27
708,275,275,276,0.275,0.275,0.276
709,268,268,268,0.268,0.268,0.268
710,276,276,276,0.276,0.276,0.276
711,278,279,279,0.278,0.279,0.279
712,245,245,245,0.245,0.245,0.245
713,250,250,250,0.25,0.25,0.25
714,253,253,253,0.253,0.253,0.253
715,219,219,219,0.219,0.219,0.219
716,282,282,282,0.282,0.282,0.282
717,202,202,202,0.202,0.202,0.202
718,264,264,264,0.264,0.264,0.264
719,226,226,226,0.226,0.226,0.226
720,191,191,191,0.191,0.191,0.191
721,206,206,206,0.206,0.206,0.206
722,186,186,186,0.186,0.186,0.186
723,228,229,230,0.228,0.229,0.23
724,233,233,233,0.233,0.233,0.233
725,212,212,212,0.212,0.212,0.212
726,215,215,215,0.215,0.215,0.215
727,222,222,222,0.222,0.222,0.222
728,283,283,283,0.283,0.283,0.283
729,274,274,274,0.274,0.274,0.274
730,230,230,230,0.23,0.23,0.23
731,197,197,197,0.197,0.197,0.197
732,232,232,232,0.232,0.232,0.232
733,238,238,238,0.238,0.238,0.238
734,226,226,226,0.226,0.226,0.226
735,222,222,222,0.222,0.222,0.222
736,243,244,244,0.243,0.244,0.244
737,219,219,219,0.219,0.219,0.219
738,204,204,204,0.204,0.204,0.204
739,285,285,285,0.285,0.285,0.285
740,243,243,243,0.243,0.243,0.243
741,241,241,242,0.241,0.241,0.242
742,261,261,261,0.261,0.261,0.261
743,269,269,269,0.269,0.269,0.269
744,233,233,233,0.233,0.233,0.233
745,214,214,214,0.214,0.214,0.214
746,231,231,231,0.231,0.231,0.231
747,249,249,249,0.249,0.249,0.249
748,253,254,254,0.253,0.254,0.254
749,248,248,248,0.248,0.248,0.248
750,267,267,268,0.267,0.267,0.268
751,272,272,272,0.272,0.272,0.272
752,330,330,331,0.33,0.33,0.331
753,283,284,286,0.283,0.284,0.286
754,296,296,296,0.296,0.296,0.296
755,271,271,271,0.271,0.271,0.271
756,278,278,279,0.278,0.278,0.279
757,265,265,266,0.265,0.265,0.266
758,227,227,227,0.227,0.227,0.227
759,199,199,199,0.199,0.199,0.199
760,185,185,185,0.185,0.185,0.185
761,184,184,184,0.184,0.184,0.184
762,209,209,209,0.209,0.209,0.209
763,218,218,219,0.218,0.218,0.219
764,201,201,201,0.201,0.201,0.201
765,179,179,179,0.179,0.179,0.179
766,195,196,196,0.195,0.196,0.196
767,249,249,249,0.249,0.249,0.249
768,236,236,236,0.236,0.236,0.236
769,276,276,276,0.276,0.276,0.276
770,249,249,249,0.249,0.249,0.249
771,275,275,275,0.275,0.275,0.275
772,227,227,227,0.227,0.227,0.227
773,209,210,210,0.209,0.21,0.21
774,246,246,246,0.246,0.246,0.246
775,268,268,268,0.268,0.268,0.268
776,211,211,211,0.211,0.211,0.211
777,232,232,233,0.232,0.232,0.233
778,259,259,259,0.259,0.259,0.259
779,227,227,227,0.227,0.227,0.227
780,239,239,239,0.239,0.239,0.239
781,254,254,254,0.254,0.254,0.254
782,263,263,263,0.263,0.263,0.263
783,272,272,272,0.272,0.272,0.272
784,287,287,287,0.287,0.287,0.287
785,286,287,287,0.286,0.287,0.287
786,277,277,277,0.277,0.277,0.277
787,306,306,307,0.306,0.306,0.307
788,263,264,264,0.263,0.264,0.264
789,240,241,242,0.24,0.241,0.242
790,275,275,275,0.275,0.275,0.275
791,257,257,257,0.257,0.257,0.257
792,222,222,222,0.222,0.222,0.222
793,193,193,193,0.193,0.193,0.193
794,194,194,194,0.194,0.194,0.194
795,224,224,225,0.224,0.224,0.225
796,227,227,227,0.227,0.227,0.227
797,197,197,197,0.197,0.197,0.197
798,177,177,178,0.177,0.177,0.178
799,196,198,198,0.196,0.198,0.198
800,232,232,232,0.232,0.232,0.232
801,222,367,368,0.222,0.367,0.368
802,208,343,345,0.208,0.343,0.345
803,218,369,370,0.218,0.369,0.37
804,253,437,439,0.253,0.437,0.439
805,243,378,380,0.243,0.378,0.38
806,235,405,407,0.235,0.405,0.407
807,259,421,421,0.259,0.421,0.421
808,263,454,456,0.263,0.454,0.456
809,260,432,434,0.26,0.432,0.434
810,264,429,434,0.264,0.429,0.434
811,225,383,385,0.225,0.383,0.385
812,228,452,454,0.228,0.452,0.454
813,280,502,504,0.28,0.502,0.504
814,285,464,484,0.285,0.464,0.484
815,327,552,557,0.327,0.552,0.557
816,263,425,427,0.263,0.425,0.427
817,241,388,389,0.241,0.388,0.389
818,222,410,412,0.222,0.41,0.412
819,254,432,434,0.254,0.432,0.434
820,286,443,444,0.286,0.443,0.444
821,235,364,366,0.235,0.364,0.366
822,211,354,356,0.211,0.354,0.356
823,198,331,332,0.198,0.331,0.332
824,233,408,409,0.233,0.408,0.409
825,238,385,387,0.238,0.385,0.387
826,232,232,232,0.232,0.232,0.232
827,229,229,229,0.229,0.229,0.229
828,201,202,202,0.201,0.202,0.202
829,230,230,231,0.23,0.23,0.231
830,222,222,222,0.222,0.222,0.222
831,223,223,223,0.223,0.223,0.223
832,220,220,220,0.22,0.22,0.22
833,238,238,239,0.238,0.238,0.239
834,197,197,197,0.197,0.197,0.197
835,178,178,178,0.178,0.178,0.178
836,186,186,186,0.186,0.186,0.186
837,174,174,174,0.174,0.174,0.174
838,216,216,216,0.216,0.216,0.216
839,222,222,223,0.222,0.222,0.223
840,194,194,194,0.194,0.194,0.194
841,201,338,340,0.201,0.338,0.34
842,223,223,223,0.223,0.223,0.223
843,212,212,212,0.212,0.212,0.212
844,197,331,333,0.197,0.331,0.333
845,207,207,207,0.207,0.207,0.207
846,233,233,233,0.233,0.233,0.233
847,229,386,389,0.229,0.386,0.389
848,216,334,336,0.216,0.334,0.336
849,194,194,194,0.194,0.194,0.194
850,190,370,372,0.19,0.37,0.372
851,216,410,412,0.216,0.41,0.412
852,280,478,482,0.28,0.478,0.482
853,270,270,270,0.27,0.27,0.27
854,194,378,379,0.194,0.378,0.379
855,259,430,433,0.259,0.43,0.433
856,228,385,387,0.228,0.385,0.387
857,228,368,369,0.228,0.368,0.369
858,233,426,427,0.233,0.426,0.427
859,268,269,269,0.268,0.269,0.269
860,219,219,219,0.219,0.219,0.219
861,196,196,196,0.196,0.196,0.196
862,176,176,176,0.176,0.176,0.176
863,176,176,176,0.176,0.176,0.176
864,166,166,166,0.166,0.166,0.166
865,168,168,168,0.168,0.168,0.168
866,174,174,174,0.174,0.174,0.174
867,194,194,194,0.194,0.194,0.194
868,220,220,220,0.22,0.22,0.22
869,199,199,199,0.199,0.199,0.199
870,209,209,209,0.209,0.209,0.209
871,246,246,246,0.246,0.246,0.246
872,248,248,248,0.248,0.248,0.248
873,208,208,208,0.208,0.208,0.208
874,238,434,435,0.238,0.434,0.435
875,266,433,435,0.266,0.433,0.435
876,226,226,226,0.226,0.226,0.226
877,278,506,508,0.278,0.506,0.508
878,286,432,434,0.286,0.432,0.434
879,239,403,405,0.239,0.403,0.405
880,231,379,381,0.231,0.379,0.381
881,225,406,408,0.225,0.406,0.408
882,222,437,439,0.222,0.437,0.439
883,260,416,418,0.26,0.416,0.418
884,249,416,417,0.249,0.416,0.417
885,249,417,421,0.249,0.417,0.421
886,222,425,427,0.222,0.425,0.427
887,255,408,411,0.255,0.408,0.411
888,251,393,394,0.251,0.393,0.394
889,230,374,375,0.23,0.374,0.375
890,271,468,470,0.271,0.468,0.47
891,286,492,494,0.286,0.492,0.494
892,250,450,452,0.25,0.45,0.452
893,265,449,451,0.265,0.449,0.451
894,264,465,467,0.264,0.465,0.467
895,295,498,499,0.295,0.498,0.499
896,291,480,482,0.291,0.48,0.482
897,273,498,499,0.273,0.498,0.499
898,321,546,547,0.321,0.546,0.547
899,304,304,304,0.304,0.304,0.304
900,289,290,290,0.289,0.29,0.29
901,294,294,294,0.294,0.294,0.294
902,285,286,286,0.285,0.286,0.286
903,270,270,270,0.27,0.27,0.27
904,300,300,300,0.3,0.3,0.3
905,284,284,284,0.284,0.284,0.284
906,269,269,270,0.269,0.269,0.27
907,235,235,235,0.235,0.235,0.235
908,232,232,232,0.232,0.232,0.232
909,207,207,207,0.207,0.207,0.207
910,210,210,211,0.21,0.21,0.211
911,228,228,228,0.228,0.228,0.228
912,192,192,192,0.192,0.192,0.192
913,232,232,232,0.232,0.232,0.232
914,244,245,245,0.244,0.245,0.245
915,254,254,254,0.254,0.254,0.254
916,260,260,260,0.26,0.26,0.26
917,260,260,260,0.26,0.26,0.26
918,264,264,264,0.264,0.264,0.264
919,256,256,256,0.256,0.256,0.256
920,217,217,217,0.217,0.217,0.217
921,238,238,238,0.238,0.238,0.238
922,244,244,244,0.244,0.244,0.244
923,242,242,242,0.242,0.242,0.242
924,255,257,257,0.255,0.257,0.257
925,305,305,305,0.305,0.305,0.305
926,255,255,255,0.255,0.255,0.255
927,213,213,213,0.213,0.213,0.213
928,242,242,242,0.242,0.242,0.242
929,252,252,252,0.252,0.252,0.252
930,262,262,262,0.262,0.262,0.262
931,234,397,398,0.234,0.397,0.398
932,238,419,420,0.238,0.419,0.42
933,226,386,388,0.226,0.386,0.388
934,252,487,489,0.252,0.487,0.489
935,281,477,478,0.281,0.477,0.478
936,253,411,414,0.253,0.411,0.414
937,287,446,448,0.287,0.446,0.448
938,250,467,469,0.25,0.467,0.469
939,320,553,556,0.32,0.553,0.556
940,323,505,508,0.323,0.505,0.508
941,335,586,595,0.335,0.586,0.595
942,370,756,759,0.37,0.756,0.759
943,341,649,666,0.341,0.649,0.666
944,289,652,666,0.289,0.652,0.666
945,238,577,677,0.238,0.577,0.677
946,298,633,648,0.298,0.633,0.648
947,343,661,665,0.343,0.661,0.665
948,317,687,696,0.317,0.687,0.696
949,308,639,642,0.308,0.639,0.642
950,367,746,753,0.367,0.746,0.753
951,407,734,737,0.407,0.734,0.737
952,358,674,703,0.358,0.674,0.703
953,263,580,585,0.263,0.58,0.585
954,299,618,623,0.299,0.618,0.623
955,265,542,554,0.265,0.542,0.554
956,332,660,668,0.332,0.66,0.668
957,292,554,560,0.292,0.554,0.56
958,268,592,604,0.268,0.592,0.604
959,292,429,433,0.292,0.429,0.433
960,329,488,492,0.329,0.488,0.492
961,276,518,520,0.276,0.518,0.52
962,315,528,530,0.315,0.528,0.53
963,354,629,632,0.354,0.629,0.632
964,437,437,437,0.437,0.437,0.437
965,263,263,263,0.263,0.263,0.263
966,284,284,284,0.284,0.284,0.284
967,228,228,228,0.228,0.228,0.228
968,280,280,281,0.28,0.28,0.281
969,354,354,354,0.354,0.354,0.354
970,305,305,306,0.305,0.305,0.306
971,297,297,297,0.297,0.297,0.297
972,298,298,298,0.298,0.298,0.298
973,353,353,353,0.353,0.353,0.353
974,297,297,297,0.297,0.297,0.297
975,312,312,312,0.312,0.312,0.312
976,479,479,479,0.479,0.479,0.479
977,434,434,434,0.434,0.434,0.434
978,308,308,308,0.308,0.308,0.308
979,216,216,217,0.216,0.216,0.217
980,289,289,290,0.289,0.289,0.29
981,309,309,309,0.309,0.309,0.309
982,287,287,287,0.287,0.287,0.287
983,329,329,329,0.329,0.329,0.329
984,302,302,302,0.302,0.302,0.302
985,267,268,268,0.267,0.268,0.268
986,247,247,247,0.247,0.247,0.247
987,250,250,250,0.25,0.25,0.25
988,238,239,239,0.238,0.239,0.239
989,278,279,280,0.278,0.279,0.28
990,260,260,261,0.26,0.26,0.261
991,233,234,234,0.233,0.234,0.234
992,207,207,207,0.207,0.207,0.207
993,230,230,230,0.23,0.23,0.23
994,225,225,225,0.225,0.225,0.225
995,245,245,245,0.245,0.245,0.245
996,270,270,270,0.27,0.27,0.27
997,226,227,227,0.226,0.227,0.227
998,238,238,238,0.238,0.238,0.238
999,216,216,216,0.216,0.216,0.216
1000,196,196,196,0.196,0.196,0.196
1001,201,201,201,0.201,0.201,0.201
1002,242,242,242,0.242,0.242,0.242
1003,254,254,254,0.254,0.254,0.254
1004,225,225,226,0.225,0.225,0.226
1005,215,216,216,0.215,0.216,0.216
1006,250,250,251,0.25,0.25,0.251
1007,259,259,259,0.259,0.259,0.259
1008,208,208,208,0.208,0.208,0.208
1009,213,213,214,0.213,0.213,0.214
1010,244,244,245,0.244,0.244,0.245
1011,209,209,209,0.209,0.209,0.209
1012,202,202,202,0.202,0.202,0.202
1013,239,240,240,0.239,0.24,0.24
1014,246,246,246,0.246,0.246,0.246
1015,206,206,206,0.206,0.206,0.206
1016,243,243,243,0.243,0.243,0.243
1017,247,247,247,0.247,0.247,0.247
1018,226,226,226,0.226,0.226,0.226
1019,202,202,202,0.202,0.202,0.202
1020,225,225,226,0.225,0.225,0.226
1021,220,221,221,0.22,0.221,0.221
1022,204,205,205,0.204,0.205,0.205
1023,198,198,198,0.198,0.198,0.198
1024,222,222,222,0.222,0.222,0.222
1025,245,245,245,0.245,0.245,0.245
1026,234,234,234,0.234,0.234,0.234
1027,226,226,226,0.226,0.226,0.226
1028,230,231,231,0.23,0.231,0.231
1029,213,214,215,0.213,0.214,0.215
1030,197,197,197,0.197,0.197,0.197
1031,186,186,186,0.186,0.186,0.186
1032,215,215,215,0.215,0.215,0.215
1033,221,221,221,0.221,0.221,0.221
1034,218,218,218,0.218,0.218,0.218
1035,230,230,231,0.23,0.23,0.231
1036,211,211,211,0.211,0.211,0.211
1037,205,205,206,0.205,0.205,0.206
1038,200,200,200,0.2,0.2,0.2
1039,180,180,180,0.18,0.18,0.18
1040,176,176,176,0.176,0.176,0.176
1041,187,360,362,0.187,0.36,0.362
1042,254,254,254,0.254,0.254,0.254
1043,255,432,433,0.255,0.432,0.433
1044,278,473,477,0.278,0.473,0.477
1045,305,490,493,0.305,0.49,0.493
1046,284,468,469,0.284,0.468,0.469
1047,266,412,414,0.266,0.412,0.414
1048,219,447,449,0.219,0.447,0.449
1049,294,460,466,0.294,0.46,0.466
1050,277,456,460,0.277,0.456,0.46
1051,235,406,409,0.235,0.406,0.409
1052,251,460,464,0.251,0.46,0.464
1053,272,456,459,0.272,0.456,0.459
1054,262,437,439,0.262,0.437,0.439
1055,254,444,447,0.254,0.444,0.447
1056,285,509,511,0.285,0.509,0.511
1057,297,489,491,0.297,0.489,0.491
1058,254,437,439,0.254,0.437,0.439
1059,243,429,432,0.243,0.429,0.432
1060,301,511,513,0.301,0.511,0.513
1061,269,495,497,0.269,0.495,0.497
1062,234,409,411,0.234,0.409,0.411
1063,252,432,434,0.252,0.432,0.434
1064,276,424,426,0.276,0.424,0.426
1065,221,372,375,0.221,0.372,0.375
1066,255,255,255,0.255,0.255,0.255
1067,249,249,249,0.249,0.249,0.249
1068,219,219,220,0.219,0.219,0.22
1069,232,232,232,0.232,0.232,0.232
1070,280,280,280,0.28,0.28,0.28
1071,260,260,260,0.26,0.26,0.26
1072,249,249,249,0.249,0.249,0.249
1073,216,217,217,0.216,0.217,0.217
1074,204,204,204,0.204,0.204,0.204
1075,217,217,217,0.217,0.217,0.217
1076,256,256,256,0.256,0.256,0.256
1077,252,252,252,0.252,0.252,0.252
1078,233,233,234,0.233,0.233,0.234
1079,247,247,247,0.247,0.247,0.247
1080,245,245,245,0.245,0.245,0.245
1081,191,191,191,0.191,0.191,0.191
1082,229,229,229,0.229,0.229,0.229
1083,240,240,240,0.24,0.24,0.24
1084,217,218,218,0.217,0.218,0.218
1085,300,300,300,0.3,0.3,0.3
1086,311,312,312,0.311,0.312,0.312
1087,298,299,299,0.298,0.299,0.299
1088,279,279,280,0.279,0.279,0.28
1089,286,286,286,0.286,0.286,0.286
1090,244,244,244,0.244,0.244,0.244
1091,251,251,251,0.251,0.251,0.251
1092,275,275,275,0.275,0.275,0.275
1093,239,239,240,0.239,0.239,0.24
1094,221,221,221,0.221,0.221,0.221
1095,213,213,214,0.213,0.213,0.214
1096,233,234,234,0.233,0.234,0.234
1097,246,246,246,0.246,0.246,0.246
1098,238,238,240,0.238,0.238,0.24
1099,269,269,269,0.269,0.269,0.269
1100,252,252,252,0.252,0.252,0.252
1101,239,239,239,0.239,0.239,0.239
1102,207,207,207,0.207,0.207,0.207
1103,201,201,201,0.201,0.201,0.201
1104,222,222,222,0.222,0.222,0.222
1105,223,225,225,0.223,0.225,0.225
1106,200,200,200,0.2,0.2,0.2
1107,177,177,177,0.177,0.177,0.177
1108,199,199,199,0.199,0.199,0.199
1109,197,197,197,0.197,0.197,0.197
1110,229,229,229,0.229,0.229,0.229
1111,206,206,206,0.206,0.206,0.206
1112,192,327,328,0.192,0.327,0.328
1113,202,341,342,0.202,0.341,0.342
1114,205,336,337,0.205,0.336,0.337
1115,223,419,420,0.223,0.419,0.42
1116,241,381,381,0.241,0.381,0.381
1117,217,387,388,0.217,0.387,0.388
1118,203,335,337,0.203,0.335,0.337
1119,224,441,443,0.224,0.441,0.443
1120,395,606,610,0.395,0.606,0.61
1121,317,491,493,0.317,0.491,0.493
1122,231,396,398,0.231,0.396,0.398
1123,238,410,412,0.238,0.41,0.412
1124,330,631,634,0.33,0.631,0.634
1125,386,568,571,0.386,0.568,0.571
1126,251,465,467,0.251,0.465,0.467
1127,272,435,438,0.272,0.435,0.438
1128,231,427,429,0.231,0.427,0.429
1129,253,412,413,0.253,0.412,0.413
1130,271,487,490,0.271,0.487,0.49
1131,344,577,581,0.344,0.577,0.581
1132,287,469,471,0.287,0.469,0.471
1133,257,414,416,0.257,0.414,0.416
1134,234,406,408,0.234,0.406,0.408
1135,317,590,592,0.317,0.59,0.592
1136,390,618,621,0.39,0.618,0.621
1137,262,676,678,0.262,0.676,0.678
1138,422,606,607,0.422,0.606,0.607
1139,296,500,501,0.296,0.5,0.501
1140,233,233,233,0.233,0.233,0.233
1141,354,354,354,0.354,0.354,0.354
1142,323,323,323,0.323,0.323,0.323
1143,289,289,289,0.289,0.289,0.289
1144,262,262,262,0.262,0.262,0.262
1145,221,221,222,0.221,0.221,0.222
1146,313,313,313,0.313,0.313,0.313
1147,311,311,311,0.311,0.311,0.311
1148,244,244,244,0.244,0.244,0.244
1149,234,234,234,0.234,0.234,0.234
1150,256,256,256,0.256,0.256,0.256
1151,275,275,275,0.275,0.275,0.275
1152,250,250,250,0.25,0.25,0.25
1153,212,212,212,0.212,0.212,0.212
1154,215,215,215,0.215,0.215,0.215
1155,236,236,237,0.236,0.236,0.237
1156,314,314,314,0.314,0.314,0.314
1157,311,311,312,0.311,0.311,0.312
1158,363,363,363,0.363,0.363,0.363
1159,245,245,245,0.245,0.245,0.245
1160,253,253,254,0.253,0.253,0.254
1161,344,344,344,0.344,0.344,0.344
1162,273,273,273,0.273,0.273,0.273
1163,243,243,243,0.243,0.243,0.243
1164,469,469,469,0.469,0.469,0.469
1165,273,274,274,0.273,0.274,0.274
1166,273,273,273,0.273,0.273,0.273
1167,325,326,326,0.325,0.326,0.326
1168,307,307,307,0.307,0.307,0.307
1169,248,248,248,0.248,0.248,0.248
1170,371,371,371,0.371,0.371,0.371
1171,320,320,320,0.32,0.32,0.32
1172,327,327,327,0.327,0.327,0.327
1173,345,347,347,0.345,0.347,0.347
1174,341,342,342,0.341,0.342,0.342
1175,374,376,376,0.374,0.376,0.376
1176,372,373,374,0.372,0.373,0.374
1177,282,282,282,0.282,0.282,0.282
1178,259,259,259,0.259,0.259,0.259
1179,273,273,273,0.273,0.273,0.273
1180,271,271,272,0.271,0.271,0.272
1181,285,285,285,0.285,0.285,0.285
1182,238,238,238,0.238,0.238,0.238
1183,241,241,241,0.241,0.241,0.241
1184,250,250,250,0.25,0.25,0.25
1185,264,264,264,0.264,0.264,0.264
1186,258,258,258,0.258,0.258,0.258
1187,228,228,228,0.228,0.228,0.228
1188,246,246,246,0.246,0.246,0.246
1189,224,224,224,0.224,0.224,0.224
1190,232,232,232,0.232,0.232,0.232
1191,264,264,264,0.264,0.264,0.264
1192,249,250,250,0.249,0.25,0.25
1193,227,227,227,0.227,0.227,0.227
1194,251,251,251,0.251,0.251,0.251
1195,273,273,275,0.273,0.273,0.275
1196,249,249,249,0.249,0.249,0.249
1197,244,244,244,0.244,0.244,0.244
1198,223,223,223,0.223,0.223,0.223
1199,235,235,235,0.235,0.235,0.235
1200,241,241,241,0.241,0.241,0.241
1201,241,241,241,0.241,0.241,0.241
1202,222,222,224,0.222,0.222,0.224
1203,237,237,238,0.237,0.237,0.238
1204,274,274,274,0.274,0.274,0.274
1205,247,247,247,0.247,0.247,0.247
1206,231,231,232,0.231,0.231,0.232
1207,275,275,275,0.275,0.275,0.275
1208,233,233,233,0.233,0.233,0.233
1209,263,264,264,0.263,0.264,0.264
1210,253,253,253,0.253,0.253,0.253
1211,234,234,234,0.234,0.234,0.234
1212,261,261,261,0.261,0.261,0.261
1213,273,273,273,0.273,0.273,0.273
1214,239,240,241,0.239,0.24,0.241
1215,245,245,245,0.245,0.245,0.245
1216,284,284,284,0.284,0.284,0.284
1217,283,283,283,0.283,0.283,0.283
1218,282,282,282,0.282,0.282,0.282
1219,301,301,302,0.301,0.301,0.302
1220,297,297,297,0.297,0.297,0.297
1221,278,278,278,0.278,0.278,0.278
1222,293,294,294,0.293,0.294,0.294
1223,253,253,253,0.253,0.253,0.253
1224,234,234,234,0.234,0.234,0.234
1225,234,234,235,0.234,0.234,0.235
1226,207,208,208,0.207,0.208,0.208
1227,230,230,230,0.23,0.23,0.23
1228,220,220,221,0.22,0.22,0.221
1229,279,279,279,0.279,0.279,0.279
1230,230,230,230,0.23,0.23,0.23
1231,236,236,236,0.236,0.236,0.236
1232,220,220,220,0.22,0.22,0.22
1233,254,254,254,0.254,0.254,0.254
1234,254,254,254,0.254,0.254,0.254
1235,268,268,268,0.268,0.268,0.268
1236,280,280,280,0.28,0.28,0.28
1237,235,235,235,0.235,0.235,0.235
1238,261,261,261,0.261,0.261,0.261
1239,213,213,213,0.213,0.213,0.213
1240,210,210,210,0.21,0.21,0.21
1241,191,191,191,0.191,0.191,0.191
1242,182,182,182,0.182,0.182,0.182
1243,184,185,185,0.184,0.185,0.185
1244,181,181,181,0.181,0.181,0.181
1245,171,171,171,0.171,0.171,0.171
1246,175,175,175,0.175,0.175,0.175
1247,222,222,222,0.222,0.222,0.222
1248,213,213,213,0.213,0.213,0.213
1249,191,191,191,0.191,0.191,0.191
1250,180,180,180,0.18,0.18,0.18
1251,214,214,215,0.214,0.214,0.215
1252,242,242,242,0.242,0.242,0.242
1253,237,238,238,0.237,0.238,0.238
1254,250,250,250,0.25,0.25,0.25
1255,239,239,239,0.239,0.239,0.239
1256,228,228,228,0.228,0.228,0.228
1257,233,233,233,0.233,0.233,0.233
1258,246,246,246,0.246,0.246,0.246
1259,219,219,219,0.219,0.219,0.219
1260,242,242,242,0.242,0.242,0.242
1261,241,241,241,0.241,0.241,0.241
1262,222,222,222,0.222,0.222,0.222
1263,220,221,221,0.22,0.221,0.221
1264,268,268,268,0.268,0.268,0.268
1265,273,274,274,0.273,0.274,0.274
1266,251,251,252,0.251,0.251,0.252
1267,234,234,234,0.234,0.234,0.234
1268,246,247,248,0.246,0.247,0.248
1269,236,236,236,0.236,0.236,0.236
1270,228,228,228,0.228,0.228,0.228
1271,207,207,207,0.207,0.207,0.207
1272,258,258,258,0.258,0.258,0.258
1273,228,228,228,0.228,0.228,0.228
1274,220,221,221,0.22,0.221,0.221
1275,234,235,235,0.234,0.235,0.235
1276,273,274,274,0.273,0.274,0.274
1277,226,226,226,0.226,0.226,0.226
1278,206,206,208,0.206,0.206,0.208
1279,250,250,250,0.25,0.25,0.25
1280,293,293,293,0.293,0.293,0.293
1281,260,261,261,0.26,0.261,0.261
1282,224,224,224,0.224,0.224,0.224
1283,227,227,227,0.227,0.227,0.227
1284,251,251,251,0.251,0.251,0.251
1285,265,265,265,0.265,0.265,0.265
1286,242,242,242,0.242,0.242,0.242
1287,224,224,225,0.224,0.224,0.225
1288,229,229,229,0.229,0.229,0.229
1289,251,251,251,0.251,0.251,0.251
1290,235,235,235,0.235,0.235,0.235
1291,231,232,232,0.231,0.232,0.232
1292,238,238,238,0.238,0.238,0.238
1293,234,235,235,0.234,0.235,0.235
1294,233,233,233,0.233,0.233,0.233
1295,223,223,223,0.223,0.223,0.223
1296,226,226,226,0.226,0.226,0.226
1297,218,218,218,0.218,0.218,0.218
1298,253,253,253,0.253,0.253,0.253
1299,242,242,242,0.242,0.242,0.242
1300,234,234,234,0.234,0.234,0.234
1301,224,224,225,0.224,0.224,0.225
1302,208,208,208,0.208,0.208,0.208
1303,245,245,245,0.245,0.245,0.245
1304,262,262,264,0.262,0.262,0.264
1305,232,232,232,0.232,0.232,0.232
1306,222,222,222,0.222,0.222,0.222
1307,245,245,245,0.245,0.245,0.245
1308,264,265,265,0.264,0.265,0.265
1309,261,261,262,0.261,0.261,0.262
1310,252,252,252,0.252,0.252,0.252
1311,258,258,258,0.258,0.258,0.258
1312,222,222,222,0.222,0.222,0.222
1313,213,213,213,0.213,0.213,0.213
1314,238,238,239,0.238,0.238,0.239
1315,273,273,273,0.273,0.273,0.273
1316,236,236,237,0.236,0.236,0.237
1317,245,245,245,0.245,0.245,0.245
1318,233,233,233,0.233,0.233,0.233
1319,220,220,221,0.22,0.22,0.221
1320,236,236,236,0.236,0.236,0.236
1321,263,263,263,0.263,0.263,0.263
1322,236,236,236,0.236,0.236,0.236
1323,240,240,241,0.24,0.24,0.241
1324,231,231,231,0.231,0.231,0.231
1325,218,218,218,0.218,0.218,0.218
1326,250,250,250,0.25,0.25,0.25
1327,245,245,245,0.245,0.245,0.245
1328,235,235,235,0.235,0.235,0.235
1329,236,236,236,0.236,0.236,0.236
1330,209,209,209,0.209,0.209,0.209
1331,250,250,250,0.25,0.25,0.25
1332,250,250,252,0.25,0.25,0.252
1333,238,238,238,0.238,0.238,0.238
1334,238,238,238,0.238,0.238,0.238
1335,242,242,242,0.242,0.242,0.242
1336,223,223,223,0.223,0.223,0.223
1337,235,236,236,0.235,0.236,0.236
1338,249,249,249,0.249,0.249,0.249
1339,260,262,262,0.26,0.262,0.262
1340,240,241,241,0.24,0.241,0.241
1341,237,237,237,0.237,0.237,0.237
1342,222,222,222,0.222,0.222,0.222
1343,238,238,238,0.238,0.238,0.238
1344,263,263,263,0.263,0.263,0.263
1345,235,235,235,0.235,0.235,0.235
1346,230,230,230,0.23,0.23,0.23
1347,243,243,243,0.243,0.243,0.243
1348,238,238,239,0.238,0.238,0.239
1349,219,219,219,0.219,0.219,0.219
1350,219,220,220,0.219,0.22,0.22
1351,264,264,264,0.264,0.264,0.264
1352,238,239,239,0.238,0.239,0.239
1353,219,219,219,0.219,0.219,0.219
1354,259,260,260,0.259,0.26,0.26
1355,248,248,248,0.248,0.248,0.248
1356,219,219,220,0.219,0.219,0.22
1357,249,249,249,0.249,0.249,0.249
1358,236,237,237,0.236,0.237,0.237
1359,213,213,213,0.213,0.213,0.213
1360,246,246,246,0.246,0.246,0.246
1361,236,236,236,0.236,0.236,0.236
1362,216,216,216,0.216,0.216,0.216
1363,247,247,247,0.247,0.247,0.247
1364,260,260,260,0.26,0.26,0.26
1365,229,229,229,0.229,0.229,0.229
1366,214,214,214,0.214,0.214,0.214
1367,262,262,262,0.262,0.262,0.262
1368,248,248,248,0.248,0.248,0.248
1369,248,248,248,0.248,0.248,0.248
1370,281,281,281,0.281,0.281,0.281
1371,269,269,269,0.269,0.269,0.269
1372,260,260,260,0.26,0.26,0.26
1373,232,232,232,0.232,0.232,0.232
1374,220,220,220,0.22,0.22,0.22
1375,242,243,245,0.242,0.243,0.245
1376,262,262,262,0.262,0.262,0.262
1377,237,237,237,0.237,0.237,0.237
1378,225,225,225,0.225,0.225,0.225
1379,273,273,273,0.273,0.273,0.273
1380,254,255,256,0.254,0.255,0.256
1381,251,251,251,0.251,0.251,0.251
1382,221,221,221,0.221,0.221,0.221
1383,254,254,255,0.254,0.254,0.255
1384,246,246,246,0.246,0.246,0.246
1385,235,235,235,0.235,0.235,0.235
1386,249,249,249,0.249,0.249,0.249
1387,251,251,252,0.251,0.251,0.252
1388,290,290,290,0.29,0.29,0.29
1389,255,255,255,0.255,0.255,0.255
1390,233,233,233,0.233,0.233,0.233
1391,215,215,215,0.215,0.215,0.215
1392,209,209,209,0.209,0.209,0.209
1393,226,226,227,0.226,0.226,0.227
1394,229,229,229,0.229,0.229,0.229
1395,201,201,201,0.201,0.201,0.201
1396,274,274,274,0.274,0.274,0.274
1397,259,259,259,0.259,0.259,0.259
1398,250,250,250,0.25,0.25,0.25
1399,247,247,248,0.247,0.247,0.248
1400,225,225,225,0.225,0.225,0.225
1401,244,244,244,0.244,0.244,0.244
1402,249,249,250,0.249,0.249,0.25
1403,245,245,245,0.245,0.245,0.245
1404,258,259,259,0.258,0.259,0.259
1405,216,216,216,0.216,0.216,0.216
1406,204,204,204,0.204,0.204,0.204
1407,238,238,238,0.238,0.238,0.238
1408,228,228,229,0.228,0.228,0.229
1409,225,225,226,0.225,0.225,0.226
1410,209,209,209,0.209,0.209,0.209
1411,199,199,199,0.199,0.199,0.199
1412,251,251,251,0.251,0.251,0.251
1413,253,254,254,0.253,0.254,0.254
1414,252,252,252,0.252,0.252,0.252
1415,247,247,247,0.247,0.247,0.247
1416,222,222,224,0.222,0.222,0.224
1417,261,261,261,0.261,0.261,0.261
1418,241,241,241,0.241,0.241,0.241
1419,217,217,217,0.217,0.217,0.217
1420,256,256,256,0.256,0.256,0.256
1421,252,252,252,0.252,0.252,0.252
1422,226,226,226,0.226,0.226,0.226
1423,235,235,235,0.235,0.235,0.235
1424,253,253,253,0.253,0.253,0.253
1425,244,244,244,0.244,0.244,0.244
1426,223,223,223,0.223,0.223,0.223
1427,238,238,238,0.238,0.238,0.238
1428,265,265,265,0.265,0.265,0.265
1429,239,239,239,0.239,0.239,0.239
1430,240,240,240,0.24,0.24,0.24
1431,229,230,230,0.229,0.23,0.23
1432,238,238,239,0.238,0.238,0.239
1433,265,265,265,0.265,0.265,0.265
1434,255,255,256,0.255,0.255,0.256
1435,248,248,249,0.248,0.248,0.249
1436,247,247,247,0.247,0.247,0.247
1437,235,444,445,0.235,0.444,0.445
1438,266,438,440,0.266,0.438,0.44
1439,267,445,447,0.267,0.445,0.447
1440,235,399,401,0.235,0.399,0.401
1441,226,376,377,0.226,0.376,0.377
1442,246,425,427,0.246,0.425,0.427
1443,261,420,422,0.261,0.42,0.422
1444,239,430,433,0.239,0.43,0.433
1445,250,416,418,0.25,0.416,0.418
1446,262,433,435,0.262,0.433,0.435
1447,251,411,412,0.251,0.411,0.412
1448,232,396,398,0.232,0.396,0.398
1449,237,378,380,0.237,0.378,0.38
1450,229,403,405,0.229,0.403,0.405
1451,280,445,446,0.28,0.445,0.446
1452,238,389,391,0.238,0.389,0.391
1453,239,428,430,0.239,0.428,0.43
1454,261,435,436,0.261,0.435,0.436
1455,241,381,382,0.241,0.381,0.382
1456,247,432,433,0.247,0.432,0.433
1457,304,466,467,0.304,0.466,0.467
1458,247,401,402,0.247,0.401,0.402
1459,214,214,214,0.214,0.214,0.214
1460,235,235,235,0.235,0.235,0.235
1461,244,244,244,0.244,0.244,0.244
1462,227,227,227,0.227,0.227,0.227
1463,242,242,242,0.242,0.242,0.242
1464,250,251,251,0.25,0.251,0.251
1465,239,239,240,0.239,0.239,0.24
1466,237,237,237,0.237,0.237,0.237
1467,234,234,234,0.234,0.234,0.234
1468,232,232,232,0.232,0.232,0.232
1469,246,247,247,0.246,0.247,0.247
1470,255,462,463,0.255,0.462,0.463
1471,249,250,250,0.249,0.25,0.25
1472,221,364,366,0.221,0.364,0.366
1473,239,437,438,0.239,0.437,0.438
1474,286,286,286,0.286,0.286,0.286
1475,223,392,394,0.223,0.392,0.394
1476,250,457,460,0.25,0.457,0.46
1477,275,468,470,0.275,0.468,0.47
1478,261,261,261,0.261,0.261,0.261
1479,224,384,386,0.224,0.384,0.386
1480,215,363,365,0.215,0.363,0.365
1481,253,486,488,0.253,0.486,0.488
1482,261,443,445,0.261,0.443,0.445
1483,258,443,445,0.258,0.443,0.445
1484,222,370,371,0.222,0.37,0.371
1485,211,211,211,0.211,0.211,0.211
1486,241,241,241,0.241,0.241,0.241
1487,254,254,254,0.254,0.254,0.254
1488,230,230,230,0.23,0.23,0.23
1489,231,231,231,0.231,0.231,0.231
1490,279,279,279,0.279,0.279,0.279
1491,270,270,271,0.27,0.27,0.271
1492,256,256,257,0.256,0.256,0.257
1493,257,258,258,0.257,0.258,0.258
1494,248,248,248,0.248,0.248,0.248
