Frame No,Q1,Q2,Q3,,Q1,Q2,Q3,,,,,
1,1869,4259,4259,,263608,317402,318081,,,,,
2,143,202,204,,,,,,Throughput,,,
3,83,144,145,,261596,312941,313618,,Query,Q1,Q2,Q3
4,130,194,196,,261.596,312.941,313.618,,Seconds,261.596,312.941,313.618
5,131,213,214,,4.359933333,5.215683333,5.226966667,,Minute,4.359933333,5.215683333,5.226966667
6,85,148,149,,,,,,,,,
7,92,132,133,,,,,,,,,
8,86,146,147,,,,,,,,,
9,102,152,152,,,,,,,,,
10,75,140,141,,,,,,,,,
11,76,137,137,,,,,,,,,
12,75,135,135,,,,,,,,,
13,80,138,138,,,,,,,,,
14,93,154,156,,,,,,,,,
15,113,176,176,,,,,,,,,
16,80,122,122,,,,,,,,,
17,81,141,141,,,,,,,,,
18,84,136,136,,,,,,,,,
19,80,154,154,,,,,,,,,
20,84,148,148,,,,,,,,,
21,81,137,137,,,,,,,,,
22,78,138,138,,,,,,,,,
23,79,80,80,,,,,,,,,
24,95,95,95,,,,,,,,,
25,79,79,79,,,,,,,,,
26,74,74,74,,,,,,,,,
27,92,92,92,,,,,,,,,
28,92,92,92,,,,,,,,,
29,99,99,99,,,,,,,,,
30,86,86,86,,,,,,,,,
31,92,92,92,,,,,,,,,
32,100,100,100,,,,,,,,,
33,96,96,97,,,,,,,,,
34,102,102,102,,,,,,,,,
35,107,107,107,,,,,,,,,
36,108,108,108,,,,,,,,,
37,102,102,103,,,,,,,,,
38,94,94,94,,,,,,,,,
39,99,99,99,,,,,,,,,
40,94,94,94,,,,,,,,,
41,76,76,76,,,,,,,,,
42,79,79,79,,,,,,,,,
43,81,81,81,,,,,,,,,
44,81,81,81,,,,,,,,,
45,73,73,73,,,,,,,,,
46,74,74,74,,,,,,,,,
47,80,80,80,,,,,,,,,
48,84,84,84,,,,,,,,,
49,75,75,75,,,,,,,,,
50,79,79,79,,,,,,,,,
51,74,74,74,,,,,,,,,
52,75,75,75,,,,,,,,,
53,74,74,74,,,,,,,,,
54,70,140,140,,,,,,,,,
55,90,165,165,,,,,,,,,
56,90,160,160,,,,,,,,,
57,90,169,169,,,,,,,,,
58,89,159,159,,,,,,,,,
59,94,170,170,,,,,,,,,
60,125,205,205,,,,,,,,,
61,89,174,174,,,,,,,,,
62,89,150,150,,,,,,,,,
63,85,158,158,,,,,,,,,
64,95,179,179,,,,,,,,,
65,97,154,154,,,,,,,,,
66,81,171,171,,,,,,,,,
67,79,159,159,,,,,,,,,
68,90,160,160,,,,,,,,,
69,90,154,154,,,,,,,,,
70,99,184,184,,,,,,,,,
71,84,169,173,,,,,,,,,
72,86,162,162,,,,,,,,,
73,82,145,145,,,,,,,,,
74,89,153,154,,,,,,,,,
75,90,183,185,,,,,,,,,
76,92,163,163,,,,,,,,,
77,101,191,191,,,,,,,,,
78,88,159,159,,,,,,,,,
79,105,194,194,,,,,,,,,
80,106,169,171,,,,,,,,,
81,86,86,86,,,,,,,,,
82,85,85,85,,,,,,,,,
83,84,84,84,,,,,,,,,
84,84,84,84,,,,,,,,,
85,79,79,79,,,,,,,,,
86,85,85,85,,,,,,,,,
87,79,168,168,,,,,,,,,
88,95,160,160,,,,,,,,,
89,93,169,171,,,,,,,,,
90,89,159,159,,,,,,,,,
91,100,179,179,,,,,,,,,
92,89,159,159,,,,,,,,,
93,94,160,160,,,,,,,,,
94,90,165,165,,,,,,,,,
95,90,160,160,,,,,,,,,
96,84,159,164,,,,,,,,,
97,90,175,180,,,,,,,,,
98,80,172,181,,,,,,,,,
99,86,153,153,,,,,,,,,
100,102,187,187,,,,,,,,,
101,99,169,169,,,,,,,,,
102,110,195,195,,,,,,,,,
103,110,199,199,,,,,,,,,
104,108,193,193,,,,,,,,,
105,120,229,229,,,,,,,,,
106,124,231,231,,,,,,,,,
107,125,208,208,,,,,,,,,
108,123,221,224,,,,,,,,,
109,118,218,218,,,,,,,,,
110,124,210,210,,,,,,,,,
111,125,225,225,,,,,,,,,
112,119,210,210,,,,,,,,,
113,120,230,230,,,,,,,,,
114,119,119,119,,,,,,,,,
115,109,109,109,,,,,,,,,
116,109,109,109,,,,,,,,,
117,110,110,110,,,,,,,,,
118,122,122,122,,,,,,,,,
119,114,114,115,,,,,,,,,
120,114,114,114,,,,,,,,,
121,116,116,116,,,,,,,,,
122,112,112,112,,,,,,,,,
123,106,106,106,,,,,,,,,
124,111,111,112,,,,,,,,,
125,111,111,111,,,,,,,,,
126,115,115,115,,,,,,,,,
127,107,107,107,,,,,,,,,
128,107,107,107,,,,,,,,,
129,113,113,113,,,,,,,,,
130,104,104,104,,,,,,,,,
131,109,109,109,,,,,,,,,
132,105,105,105,,,,,,,,,
133,104,104,104,,,,,,,,,
134,115,115,115,,,,,,,,,
135,104,104,104,,,,,,,,,
136,122,235,236,,,,,,,,,
137,115,213,213,,,,,,,,,
138,121,201,202,,,,,,,,,
139,124,215,215,,,,,,,,,
140,121,206,206,,,,,,,,,
141,124,219,219,,,,,,,,,
142,127,222,222,,,,,,,,,
143,123,213,214,,,,,,,,,
144,120,229,230,,,,,,,,,
145,129,216,217,,,,,,,,,
146,128,220,220,,,,,,,,,
147,120,198,200,,,,,,,,,
148,129,225,225,,,,,,,,,
149,120,210,212,,,,,,,,,
150,130,234,234,,,,,,,,,
151,125,214,215,,,,,,,,,
152,128,211,213,,,,,,,,,
153,119,204,204,,,,,,,,,
154,119,221,221,,,,,,,,,
155,114,205,205,,,,,,,,,
156,117,204,204,,,,,,,,,
157,121,199,200,,,,,,,,,
158,122,204,204,,,,,,,,,
159,124,209,210,,,,,,,,,
160,126,226,227,,,,,,,,,
161,121,209,211,,,,,,,,,
162,125,233,234,,,,,,,,,
163,112,112,112,,,,,,,,,
164,108,219,219,,,,,,,,,
165,113,113,113,,,,,,,,,
166,114,114,114,,,,,,,,,
167,112,112,112,,,,,,,,,
168,111,111,111,,,,,,,,,
169,112,112,112,,,,,,,,,
170,109,109,109,,,,,,,,,
171,115,115,115,,,,,,,,,
172,119,119,119,,,,,,,,,
173,110,110,110,,,,,,,,,
174,121,121,121,,,,,,,,,
175,110,110,110,,,,,,,,,
176,111,111,111,,,,,,,,,
177,112,112,112,,,,,,,,,
178,115,115,115,,,,,,,,,
179,116,116,116,,,,,,,,,
180,113,113,113,,,,,,,,,
181,116,116,116,,,,,,,,,
182,110,110,110,,,,,,,,,
183,106,106,106,,,,,,,,,
184,109,109,109,,,,,,,,,
185,107,107,107,,,,,,,,,
186,107,107,107,,,,,,,,,
187,106,110,110,,,,,,,,,
188,105,107,107,,,,,,,,,
189,102,102,102,,,,,,,,,
190,107,107,107,,,,,,,,,
191,102,102,102,,,,,,,,,
192,109,109,109,,,,,,,,,
193,100,100,100,,,,,,,,,
194,110,110,110,,,,,,,,,
195,109,109,109,,,,,,,,,
196,100,100,100,,,,,,,,,
197,114,114,114,,,,,,,,,
198,105,105,105,,,,,,,,,
199,99,99,99,,,,,,,,,
200,100,100,100,,,,,,,,,
201,99,99,99,,,,,,,,,
202,120,120,120,,,,,,,,,
203,105,105,105,,,,,,,,,
204,109,109,109,,,,,,,,,
205,105,105,105,,,,,,,,,
206,109,109,109,,,,,,,,,
207,99,99,99,,,,,,,,,
208,99,99,99,,,,,,,,,
209,100,100,100,,,,,,,,,
210,105,105,105,,,,,,,,,
211,109,109,109,,,,,,,,,
212,105,105,105,,,,,,,,,
213,104,104,104,,,,,,,,,
214,103,103,103,,,,,,,,,
215,105,105,105,,,,,,,,,
216,99,99,99,,,,,,,,,
217,105,105,105,,,,,,,,,
218,105,105,105,,,,,,,,,
219,108,108,108,,,,,,,,,
220,99,99,99,,,,,,,,,
221,106,106,106,,,,,,,,,
222,109,109,109,,,,,,,,,
223,100,100,100,,,,,,,,,
224,100,100,100,,,,,,,,,
225,110,110,110,,,,,,,,,
226,99,99,99,,,,,,,,,
227,104,104,104,,,,,,,,,
228,105,105,105,,,,,,,,,
229,109,109,109,,,,,,,,,
230,100,100,100,,,,,,,,,
231,109,109,109,,,,,,,,,
232,105,110,110,,,,,,,,,
233,100,100,100,,,,,,,,,
234,99,99,99,,,,,,,,,
235,109,109,109,,,,,,,,,
236,105,105,105,,,,,,,,,
237,104,104,104,,,,,,,,,
238,105,105,105,,,,,,,,,
239,105,105,105,,,,,,,,,
240,89,89,89,,,,,,,,,
241,105,105,105,,,,,,,,,
242,100,100,100,,,,,,,,,
243,107,107,107,,,,,,,,,
244,105,105,105,,,,,,,,,
245,104,104,104,,,,,,,,,
246,105,105,105,,,,,,,,,
247,104,104,104,,,,,,,,,
248,104,104,104,,,,,,,,,
249,104,104,104,,,,,,,,,
250,105,105,105,,,,,,,,,
251,109,109,109,,,,,,,,,
252,109,109,109,,,,,,,,,
253,106,106,106,,,,,,,,,
254,111,111,111,,,,,,,,,
255,103,103,103,,,,,,,,,
256,106,106,106,,,,,,,,,
257,105,105,105,,,,,,,,,
258,107,107,107,,,,,,,,,
259,106,106,106,,,,,,,,,
260,110,110,110,,,,,,,,,
261,103,103,103,,,,,,,,,
262,107,107,107,,,,,,,,,
263,104,104,104,,,,,,,,,
264,99,99,99,,,,,,,,,
265,99,99,99,,,,,,,,,
266,111,111,111,,,,,,,,,
267,98,98,98,,,,,,,,,
268,110,110,110,,,,,,,,,
269,100,100,100,,,,,,,,,
270,104,104,104,,,,,,,,,
271,105,105,105,,,,,,,,,
272,104,104,104,,,,,,,,,
273,100,100,100,,,,,,,,,
274,109,109,109,,,,,,,,,
275,109,109,109,,,,,,,,,
276,100,100,100,,,,,,,,,
277,109,109,109,,,,,,,,,
278,120,120,120,,,,,,,,,
279,111,111,111,,,,,,,,,
280,111,111,111,,,,,,,,,
281,101,101,101,,,,,,,,,
282,98,98,98,,,,,,,,,
283,111,111,111,,,,,,,,,
284,100,100,100,,,,,,,,,
285,108,108,108,,,,,,,,,
286,104,104,104,,,,,,,,,
287,104,104,104,,,,,,,,,
288,109,109,109,,,,,,,,,
289,99,99,99,,,,,,,,,
290,106,106,106,,,,,,,,,
291,135,135,135,,,,,,,,,
292,127,127,127,,,,,,,,,
293,126,126,126,,,,,,,,,
294,110,110,110,,,,,,,,,
295,109,109,109,,,,,,,,,
296,110,110,110,,,,,,,,,
297,114,114,114,,,,,,,,,
298,107,107,107,,,,,,,,,
299,127,127,128,,,,,,,,,
300,112,112,112,,,,,,,,,
301,109,109,109,,,,,,,,,
302,108,108,108,,,,,,,,,
303,111,111,111,,,,,,,,,
304,113,113,113,,,,,,,,,
305,106,106,106,,,,,,,,,
306,111,111,111,,,,,,,,,
307,108,108,108,,,,,,,,,
308,103,103,103,,,,,,,,,
309,114,114,114,,,,,,,,,
310,105,105,105,,,,,,,,,
311,109,109,109,,,,,,,,,
312,109,109,109,,,,,,,,,
313,106,106,106,,,,,,,,,
314,103,103,103,,,,,,,,,
315,108,108,108,,,,,,,,,
316,98,98,98,,,,,,,,,
317,103,103,103,,,,,,,,,
318,106,106,106,,,,,,,,,
319,100,100,100,,,,,,,,,
320,100,100,100,,,,,,,,,
321,99,99,99,,,,,,,,,
322,100,100,100,,,,,,,,,
323,99,99,99,,,,,,,,,
324,109,109,109,,,,,,,,,
325,109,109,109,,,,,,,,,
326,135,135,135,,,,,,,,,
327,157,157,157,,,,,,,,,
328,159,159,159,,,,,,,,,
329,182,182,182,,,,,,,,,
330,172,173,173,,,,,,,,,
331,159,159,159,,,,,,,,,
332,166,166,166,,,,,,,,,
333,159,159,159,,,,,,,,,
334,155,155,155,,,,,,,,,
335,148,148,148,,,,,,,,,
336,159,159,159,,,,,,,,,
337,171,171,171,,,,,,,,,
338,177,177,177,,,,,,,,,
339,175,175,175,,,,,,,,,
340,146,146,146,,,,,,,,,
341,146,146,146,,,,,,,,,
342,151,151,151,,,,,,,,,
343,148,148,148,,,,,,,,,
344,159,159,159,,,,,,,,,
345,157,157,157,,,,,,,,,
346,159,159,159,,,,,,,,,
347,167,167,167,,,,,,,,,
348,156,158,158,,,,,,,,,
349,162,162,162,,,,,,,,,
350,164,164,164,,,,,,,,,
351,158,158,158,,,,,,,,,
352,159,159,159,,,,,,,,,
353,151,151,151,,,,,,,,,
354,152,152,152,,,,,,,,,
355,185,185,185,,,,,,,,,
356,187,188,188,,,,,,,,,
357,159,159,159,,,,,,,,,
358,152,152,152,,,,,,,,,
359,155,155,155,,,,,,,,,
360,152,153,153,,,,,,,,,
361,158,159,159,,,,,,,,,
362,181,181,181,,,,,,,,,
363,176,176,176,,,,,,,,,
364,155,155,155,,,,,,,,,
365,150,150,150,,,,,,,,,
366,156,156,156,,,,,,,,,
367,156,156,156,,,,,,,,,
368,153,153,155,,,,,,,,,
369,162,162,162,,,,,,,,,
370,151,151,151,,,,,,,,,
371,154,154,159,,,,,,,,,
372,153,153,153,,,,,,,,,
373,151,151,151,,,,,,,,,
374,152,152,152,,,,,,,,,
375,153,153,153,,,,,,,,,
376,148,148,148,,,,,,,,,
377,140,140,140,,,,,,,,,
378,154,154,154,,,,,,,,,
379,160,160,160,,,,,,,,,
380,164,164,164,,,,,,,,,
381,152,152,152,,,,,,,,,
382,141,141,141,,,,,,,,,
383,141,141,141,,,,,,,,,
384,144,144,144,,,,,,,,,
385,150,150,150,,,,,,,,,
386,164,164,165,,,,,,,,,
387,153,153,153,,,,,,,,,
388,151,151,151,,,,,,,,,
389,141,141,141,,,,,,,,,
390,143,143,143,,,,,,,,,
391,147,147,147,,,,,,,,,
392,143,143,143,,,,,,,,,
393,150,150,150,,,,,,,,,
394,152,152,152,,,,,,,,,
395,155,155,155,,,,,,,,,
396,150,150,150,,,,,,,,,
397,160,160,160,,,,,,,,,
398,152,152,152,,,,,,,,,
399,151,151,151,,,,,,,,,
400,139,139,139,,,,,,,,,
401,149,149,149,,,,,,,,,
402,155,155,155,,,,,,,,,
403,167,311,311,,,,,,,,,
404,190,332,334,,,,,,,,,
405,201,322,324,,,,,,,,,
406,202,334,334,,,,,,,,,
407,212,372,377,,,,,,,,,
408,220,368,374,,,,,,,,,
409,200,321,321,,,,,,,,,
410,189,327,329,,,,,,,,,
411,190,335,335,,,,,,,,,
412,223,398,398,,,,,,,,,
413,211,326,335,,,,,,,,,
414,193,332,339,,,,,,,,,
415,193,347,349,,,,,,,,,
416,203,359,361,,,,,,,,,
417,196,335,335,,,,,,,,,
418,191,318,318,,,,,,,,,
419,185,315,319,,,,,,,,,
420,200,344,344,,,,,,,,,
421,189,189,189,,,,,,,,,
422,179,179,179,,,,,,,,,
423,189,325,327,,,,,,,,,
424,201,201,201,,,,,,,,,
425,177,177,177,,,,,,,,,
426,183,184,184,,,,,,,,,
427,184,184,184,,,,,,,,,
428,179,179,179,,,,,,,,,
429,175,175,175,,,,,,,,,
430,179,318,323,,,,,,,,,
431,189,307,307,,,,,,,,,
432,206,206,206,,,,,,,,,
433,172,172,172,,,,,,,,,
434,202,202,202,,,,,,,,,
435,204,204,204,,,,,,,,,
436,161,161,161,,,,,,,,,
437,159,159,159,,,,,,,,,
438,175,175,175,,,,,,,,,
439,168,168,168,,,,,,,,,
440,172,172,172,,,,,,,,,
441,177,177,177,,,,,,,,,
442,174,174,177,,,,,,,,,
443,177,177,179,,,,,,,,,
444,192,192,192,,,,,,,,,
445,172,172,172,,,,,,,,,
446,161,161,161,,,,,,,,,
447,159,159,159,,,,,,,,,
448,173,174,174,,,,,,,,,
449,199,199,199,,,,,,,,,
450,180,180,180,,,,,,,,,
451,170,170,170,,,,,,,,,
452,159,159,159,,,,,,,,,
453,170,170,170,,,,,,,,,
454,161,161,161,,,,,,,,,
455,192,192,192,,,,,,,,,
456,211,211,211,,,,,,,,,
457,197,198,198,,,,,,,,,
458,177,177,178,,,,,,,,,
459,172,173,173,,,,,,,,,
460,184,184,185,,,,,,,,,
461,198,198,198,,,,,,,,,
462,187,187,187,,,,,,,,,
463,175,175,175,,,,,,,,,
464,160,160,160,,,,,,,,,
465,196,196,196,,,,,,,,,
466,178,178,178,,,,,,,,,
467,184,184,184,,,,,,,,,
468,213,213,213,,,,,,,,,
469,184,184,184,,,,,,,,,
470,183,183,183,,,,,,,,,
471,182,182,182,,,,,,,,,
472,209,210,210,,,,,,,,,
473,234,234,234,,,,,,,,,
474,217,217,217,,,,,,,,,
475,217,217,218,,,,,,,,,
476,220,220,220,,,,,,,,,
477,207,207,207,,,,,,,,,
478,233,233,233,,,,,,,,,
479,199,199,200,,,,,,,,,
480,208,208,208,,,,,,,,,
481,207,207,207,,,,,,,,,
482,239,239,239,,,,,,,,,
483,195,195,195,,,,,,,,,
484,181,181,181,,,,,,,,,
485,192,192,192,,,,,,,,,
486,237,237,237,,,,,,,,,
487,225,225,225,,,,,,,,,
488,190,190,190,,,,,,,,,
489,174,174,174,,,,,,,,,
490,202,202,202,,,,,,,,,
491,274,274,274,,,,,,,,,
492,240,240,240,,,,,,,,,
493,204,204,204,,,,,,,,,
494,237,237,237,,,,,,,,,
495,221,395,397,,,,,,,,,
496,226,385,385,,,,,,,,,
497,230,412,412,,,,,,,,,
498,245,385,390,,,,,,,,,
499,220,368,372,,,,,,,,,
500,205,328,330,,,,,,,,,
501,225,414,414,,,,,,,,,
502,247,402,404,,,,,,,,,
503,222,361,363,,,,,,,,,
504,218,365,367,,,,,,,,,
505,243,418,421,,,,,,,,,
506,232,384,384,,,,,,,,,
507,227,387,392,,,,,,,,,
508,230,394,398,,,,,,,,,
509,212,354,356,,,,,,,,,
510,192,359,364,,,,,,,,,
511,199,348,350,,,,,,,,,
512,261,405,405,,,,,,,,,
513,231,367,367,,,,,,,,,
514,225,354,355,,,,,,,,,
515,187,350,352,,,,,,,,,
516,253,415,415,,,,,,,,,
517,236,376,376,,,,,,,,,
518,215,393,396,,,,,,,,,
519,246,418,418,,,,,,,,,
520,215,340,340,,,,,,,,,
521,214,342,343,,,,,,,,,
522,218,398,399,,,,,,,,,
523,253,253,253,,,,,,,,,
524,225,225,225,,,,,,,,,
525,203,203,203,,,,,,,,,
526,195,195,197,,,,,,,,,
527,237,237,237,,,,,,,,,
528,223,223,223,,,,,,,,,
529,219,219,219,,,,,,,,,
530,205,205,205,,,,,,,,,
531,219,219,219,,,,,,,,,
532,207,207,207,,,,,,,,,
533,208,209,209,,,,,,,,,
534,245,245,245,,,,,,,,,
535,215,215,215,,,,,,,,,
536,209,209,209,,,,,,,,,
537,194,194,194,,,,,,,,,
538,199,199,199,,,,,,,,,
539,236,236,236,,,,,,,,,
540,241,241,241,,,,,,,,,
541,222,222,222,,,,,,,,,
542,246,246,246,,,,,,,,,
543,244,244,244,,,,,,,,,
544,219,219,219,,,,,,,,,
545,192,192,192,,,,,,,,,
546,220,220,220,,,,,,,,,
547,230,230,230,,,,,,,,,
548,215,215,215,,,,,,,,,
549,203,203,203,,,,,,,,,
550,222,222,222,,,,,,,,,
551,239,240,240,,,,,,,,,
552,224,226,226,,,,,,,,,
553,226,226,226,,,,,,,,,
554,201,201,201,,,,,,,,,
555,192,192,192,,,,,,,,,
556,180,180,180,,,,,,,,,
557,190,190,190,,,,,,,,,
558,251,252,252,,,,,,,,,
559,219,219,219,,,,,,,,,
560,214,214,215,,,,,,,,,
561,231,231,231,,,,,,,,,
562,256,256,256,,,,,,,,,
563,215,215,215,,,,,,,,,
564,194,194,194,,,,,,,,,
565,189,190,190,,,,,,,,,
566,217,217,219,,,,,,,,,
567,239,239,239,,,,,,,,,
568,197,197,197,,,,,,,,,
569,182,187,187,,,,,,,,,
570,220,220,220,,,,,,,,,
571,216,216,217,,,,,,,,,
572,206,206,206,,,,,,,,,
573,223,223,223,,,,,,,,,
574,242,242,242,,,,,,,,,
575,230,419,420,,,,,,,,,
576,245,390,391,,,,,,,,,
577,242,398,398,,,,,,,,,
578,218,368,368,,,,,,,,,
579,209,209,209,,,,,,,,,
580,225,407,410,,,,,,,,,
581,254,420,421,,,,,,,,,
582,252,415,417,,,,,,,,,
583,258,404,406,,,,,,,,,
584,221,382,386,,,,,,,,,
585,212,373,375,,,,,,,,,
586,246,449,450,,,,,,,,,
587,270,456,458,,,,,,,,,
588,246,423,425,,,,,,,,,
589,226,393,395,,,,,,,,,
590,216,389,390,,,,,,,,,
591,209,354,355,,,,,,,,,
592,201,371,371,,,,,,,,,
593,190,325,325,,,,,,,,,
594,225,415,417,,,,,,,,,
595,220,365,367,,,,,,,,,
596,217,346,347,,,,,,,,,
597,192,351,353,,,,,,,,,
598,192,340,340,,,,,,,,,
599,204,373,373,,,,,,,,,
600,193,384,384,,,,,,,,,
601,231,395,406,,,,,,,,,
602,214,214,214,,,,,,,,,
603,185,185,185,,,,,,,,,
604,166,166,166,,,,,,,,,
605,166,166,166,,,,,,,,,
606,167,167,167,,,,,,,,,
607,207,207,211,,,,,,,,,
608,216,216,216,,,,,,,,,
609,194,194,194,,,,,,,,,
610,188,188,190,,,,,,,,,
611,207,207,207,,,,,,,,,
612,203,203,203,,,,,,,,,
613,208,209,209,,,,,,,,,
614,192,192,192,,,,,,,,,
615,214,214,214,,,,,,,,,
616,225,225,225,,,,,,,,,
617,204,204,204,,,,,,,,,
618,243,244,244,,,,,,,,,
619,204,204,204,,,,,,,,,
620,189,189,189,,,,,,,,,
621,177,177,177,,,,,,,,,
622,190,190,190,,,,,,,,,
623,204,204,204,,,,,,,,,
624,210,210,210,,,,,,,,,
625,193,193,193,,,,,,,,,
626,190,190,190,,,,,,,,,
627,182,182,182,,,,,,,,,
628,180,180,182,,,,,,,,,
629,164,164,164,,,,,,,,,
630,180,180,180,,,,,,,,,
631,190,192,192,,,,,,,,,
632,221,221,221,,,,,,,,,
633,190,190,190,,,,,,,,,
634,175,175,175,,,,,,,,,
635,172,172,172,,,,,,,,,
636,185,185,185,,,,,,,,,
637,210,210,210,,,,,,,,,
638,184,184,184,,,,,,,,,
639,180,180,180,,,,,,,,,
640,164,164,164,,,,,,,,,
641,175,175,175,,,,,,,,,
642,190,190,194,,,,,,,,,
643,164,164,164,,,,,,,,,
644,176,176,176,,,,,,,,,
645,170,170,170,,,,,,,,,
646,209,209,209,,,,,,,,,
647,188,188,188,,,,,,,,,
648,188,188,188,,,,,,,,,
649,170,170,170,,,,,,,,,
650,174,174,174,,,,,,,,,
651,179,308,308,,,,,,,,,
652,204,352,352,,,,,,,,,
653,191,313,313,,,,,,,,,
654,209,372,380,,,,,,,,,
655,237,391,393,,,,,,,,,
656,204,362,364,,,,,,,,,
657,210,334,335,,,,,,,,,
658,207,333,335,,,,,,,,,
659,195,335,335,,,,,,,,,
660,220,360,360,,,,,,,,,
661,202,329,329,,,,,,,,,
662,212,342,342,,,,,,,,,
663,200,375,375,,,,,,,,,
664,214,343,343,,,,,,,,,
665,189,308,310,,,,,,,,,
666,207,334,334,,,,,,,,,
667,215,350,350,,,,,,,,,
668,197,328,329,,,,,,,,,
669,200,349,350,,,,,,,,,
670,196,332,334,,,,,,,,,
671,209,326,328,,,,,,,,,
672,214,356,357,,,,,,,,,
673,235,387,388,,,,,,,,,
674,207,320,321,,,,,,,,,
675,195,350,351,,,,,,,,,
676,236,397,399,,,,,,,,,
677,205,350,351,,,,,,,,,
678,238,388,388,,,,,,,,,
679,208,334,337,,,,,,,,,
680,192,192,192,,,,,,,,,
681,172,172,172,,,,,,,,,
682,185,185,185,,,,,,,,,
683,224,224,224,,,,,,,,,
684,200,200,200,,,,,,,,,
685,195,195,195,,,,,,,,,
686,169,169,169,,,,,,,,,
687,185,185,185,,,,,,,,,
688,188,188,188,,,,,,,,,
689,173,173,173,,,,,,,,,
690,164,164,164,,,,,,,,,
691,184,184,184,,,,,,,,,
692,180,180,180,,,,,,,,,
693,175,175,175,,,,,,,,,
694,170,173,176,,,,,,,,,
695,174,174,174,,,,,,,,,
696,180,180,180,,,,,,,,,
697,187,187,187,,,,,,,,,
698,204,204,204,,,,,,,,,
699,184,184,184,,,,,,,,,
700,172,172,172,,,,,,,,,
701,205,205,205,,,,,,,,,
702,184,184,184,,,,,,,,,
703,180,180,180,,,,,,,,,
704,172,172,172,,,,,,,,,
705,236,236,236,,,,,,,,,
706,216,216,216,,,,,,,,,
707,190,190,190,,,,,,,,,
708,180,180,180,,,,,,,,,
709,179,179,179,,,,,,,,,
710,202,203,203,,,,,,,,,
711,211,211,211,,,,,,,,,
712,239,239,239,,,,,,,,,
713,193,193,193,,,,,,,,,
714,194,194,194,,,,,,,,,
715,235,235,236,,,,,,,,,
716,209,209,209,,,,,,,,,
717,214,214,214,,,,,,,,,
718,207,208,208,,,,,,,,,
719,206,206,206,,,,,,,,,
720,184,184,184,,,,,,,,,
721,178,178,178,,,,,,,,,
722,184,184,184,,,,,,,,,
723,215,218,218,,,,,,,,,
724,204,204,204,,,,,,,,,
725,190,190,190,,,,,,,,,
726,174,174,174,,,,,,,,,
727,172,172,172,,,,,,,,,
728,202,202,202,,,,,,,,,
729,183,183,183,,,,,,,,,
730,176,176,176,,,,,,,,,
731,189,189,189,,,,,,,,,
732,217,217,217,,,,,,,,,
733,186,186,188,,,,,,,,,
734,171,171,179,,,,,,,,,
735,189,189,189,,,,,,,,,
736,198,198,198,,,,,,,,,
737,180,180,180,,,,,,,,,
738,200,200,200,,,,,,,,,
739,169,169,169,,,,,,,,,
740,172,173,173,,,,,,,,,
741,185,185,185,,,,,,,,,
742,189,189,189,,,,,,,,,
743,182,182,182,,,,,,,,,
744,172,172,172,,,,,,,,,
745,172,172,172,,,,,,,,,
746,176,176,176,,,,,,,,,
747,211,211,211,,,,,,,,,
748,196,196,196,,,,,,,,,
749,184,184,184,,,,,,,,,
750,174,174,175,,,,,,,,,
751,179,179,179,,,,,,,,,
752,195,195,195,,,,,,,,,
753,194,194,194,,,,,,,,,
754,198,198,198,,,,,,,,,
755,189,189,189,,,,,,,,,
756,181,181,181,,,,,,,,,
757,195,195,195,,,,,,,,,
758,215,215,215,,,,,,,,,
759,197,197,197,,,,,,,,,
760,190,190,190,,,,,,,,,
761,175,175,175,,,,,,,,,
762,168,168,168,,,,,,,,,
763,181,181,181,,,,,,,,,
764,174,179,179,,,,,,,,,
765,180,180,180,,,,,,,,,
766,174,174,174,,,,,,,,,
767,188,188,188,,,,,,,,,
768,237,237,237,,,,,,,,,
769,188,188,188,,,,,,,,,
770,170,170,170,,,,,,,,,
771,172,172,172,,,,,,,,,
772,183,183,183,,,,,,,,,
773,201,201,201,,,,,,,,,
774,204,204,204,,,,,,,,,
775,174,174,174,,,,,,,,,
776,183,183,183,,,,,,,,,
777,170,170,170,,,,,,,,,
778,181,181,181,,,,,,,,,
779,181,181,181,,,,,,,,,
780,210,210,210,,,,,,,,,
781,189,189,189,,,,,,,,,
782,207,208,208,,,,,,,,,
783,194,194,194,,,,,,,,,
784,183,183,183,,,,,,,,,
785,189,189,189,,,,,,,,,
786,183,183,183,,,,,,,,,
787,202,202,202,,,,,,,,,
788,202,202,202,,,,,,,,,
789,193,193,193,,,,,,,,,
790,192,192,192,,,,,,,,,
791,173,173,173,,,,,,,,,
792,168,168,168,,,,,,,,,
793,164,164,164,,,,,,,,,
794,189,189,189,,,,,,,,,
795,186,186,186,,,,,,,,,
796,219,219,219,,,,,,,,,
797,194,194,194,,,,,,,,,
798,172,172,172,,,,,,,,,
799,196,196,196,,,,,,,,,
800,199,199,199,,,,,,,,,
801,174,304,314,,,,,,,,,
802,196,334,334,,,,,,,,,
803,203,340,341,,,,,,,,,
804,219,364,365,,,,,,,,,
805,211,349,350,,,,,,,,,
806,230,408,409,,,,,,,,,
807,229,388,390,,,,,,,,,
808,217,378,379,,,,,,,,,
809,191,323,324,,,,,,,,,
810,191,337,338,,,,,,,,,
811,198,327,328,,,,,,,,,
812,206,362,362,,,,,,,,,
813,205,331,335,,,,,,,,,
814,207,358,359,,,,,,,,,
815,228,349,349,,,,,,,,,
816,212,331,331,,,,,,,,,
817,193,324,325,,,,,,,,,
818,207,327,328,,,,,,,,,
819,199,368,369,,,,,,,,,
820,239,389,390,,,,,,,,,
821,205,341,343,,,,,,,,,
822,223,365,365,,,,,,,,,
823,200,315,315,,,,,,,,,
824,205,326,331,,,,,,,,,
825,191,326,326,,,,,,,,,
826,189,198,198,,,,,,,,,
827,174,174,174,,,,,,,,,
828,192,192,192,,,,,,,,,
829,212,212,212,,,,,,,,,
830,192,192,192,,,,,,,,,
831,174,174,174,,,,,,,,,
832,195,195,195,,,,,,,,,
833,186,186,186,,,,,,,,,
834,170,170,170,,,,,,,,,
835,202,202,202,,,,,,,,,
836,187,187,190,,,,,,,,,
837,169,169,169,,,,,,,,,
838,169,169,169,,,,,,,,,
839,181,181,181,,,,,,,,,
840,194,198,198,,,,,,,,,
841,209,344,350,,,,,,,,,
842,225,225,225,,,,,,,,,
843,200,200,200,,,,,,,,,
844,208,378,380,,,,,,,,,
845,240,240,240,,,,,,,,,
846,197,197,197,,,,,,,,,
847,196,339,341,,,,,,,,,
848,207,379,381,,,,,,,,,
849,216,216,216,,,,,,,,,
850,218,385,393,,,,,,,,,
851,209,349,354,,,,,,,,,
852,217,343,345,,,,,,,,,
853,202,203,203,,,,,,,,,
854,205,362,364,,,,,,,,,
855,260,401,403,,,,,,,,,
856,221,380,382,,,,,,,,,
857,240,374,375,,,,,,,,,
858,208,342,343,,,,,,,,,
859,202,202,202,,,,,,,,,
860,187,187,187,,,,,,,,,
861,189,189,189,,,,,,,,,
862,220,221,221,,,,,,,,,
863,214,214,214,,,,,,,,,
864,195,195,196,,,,,,,,,
865,219,219,220,,,,,,,,,
866,195,195,195,,,,,,,,,
867,194,194,194,,,,,,,,,
868,201,201,201,,,,,,,,,
869,203,203,204,,,,,,,,,
870,223,223,223,,,,,,,,,
871,194,194,194,,,,,,,,,
872,196,196,196,,,,,,,,,
873,180,180,180,,,,,,,,,
874,174,307,307,,,,,,,,,
875,191,303,305,,,,,,,,,
876,199,199,199,,,,,,,,,
877,186,338,340,,,,,,,,,
878,210,370,371,,,,,,,,,
879,229,357,359,,,,,,,,,
880,207,345,351,,,,,,,,,
881,216,376,377,,,,,,,,,
882,222,386,388,,,,,,,,,
883,192,343,344,,,,,,,,,
884,205,330,332,,,,,,,,,
885,187,340,340,,,,,,,,,
886,199,347,347,,,,,,,,,
887,210,323,323,,,,,,,,,
888,219,371,371,,,,,,,,,
889,236,395,397,,,,,,,,,
890,199,332,333,,,,,,,,,
891,194,319,321,,,,,,,,,
892,199,329,330,,,,,,,,,
893,197,356,357,,,,,,,,,
894,235,370,371,,,,,,,,,
895,225,365,370,,,,,,,,,
896,198,330,330,,,,,,,,,
897,185,345,345,,,,,,,,,
898,236,380,380,,,,,,,,,
899,204,204,204,,,,,,,,,
900,171,171,171,,,,,,,,,
901,180,180,180,,,,,,,,,
902,186,186,189,,,,,,,,,
903,215,215,215,,,,,,,,,
904,191,191,191,,,,,,,,,
905,177,177,177,,,,,,,,,
906,165,165,165,,,,,,,,,
907,189,189,189,,,,,,,,,
908,181,181,181,,,,,,,,,
909,208,208,208,,,,,,,,,
910,200,200,200,,,,,,,,,
911,210,210,210,,,,,,,,,
912,181,181,181,,,,,,,,,
913,189,189,189,,,,,,,,,
914,205,205,205,,,,,,,,,
915,201,201,201,,,,,,,,,
916,182,182,182,,,,,,,,,
917,176,176,176,,,,,,,,,
918,179,179,179,,,,,,,,,
919,190,190,190,,,,,,,,,
920,209,209,209,,,,,,,,,
921,216,216,216,,,,,,,,,
922,201,201,203,,,,,,,,,
923,181,181,181,,,,,,,,,
924,168,168,168,,,,,,,,,
925,215,215,215,,,,,,,,,
926,184,184,184,,,,,,,,,
927,202,202,202,,,,,,,,,
928,185,185,185,,,,,,,,,
929,196,196,196,,,,,,,,,
930,192,192,192,,,,,,,,,
931,184,308,308,,,,,,,,,
932,220,354,355,,,,,,,,,
933,203,351,351,,,,,,,,,
934,207,328,331,,,,,,,,,
935,197,316,316,,,,,,,,,
936,200,336,336,,,,,,,,,
937,216,382,382,,,,,,,,,
938,226,361,366,,,,,,,,,
939,205,316,316,,,,,,,,,
940,202,323,323,,,,,,,,,
941,202,328,333,,,,,,,,,
942,199,490,498,,,,,,,,,
943,202,497,499,,,,,,,,,
944,213,454,461,,,,,,,,,
945,198,426,432,,,,,,,,,
946,211,447,449,,,,,,,,,
947,223,448,450,,,,,,,,,
948,218,461,466,,,,,,,,,
949,221,484,490,,,,,,,,,
950,221,470,480,,,,,,,,,
951,209,482,491,,,,,,,,,
952,220,453,455,,,,,,,,,
953,194,454,457,,,,,,,,,
954,210,470,479,,,,,,,,,
955,224,509,515,,,,,,,,,
956,206,440,450,,,,,,,,,
957,188,424,424,,,,,,,,,
958,240,496,499,,,,,,,,,
959,237,357,360,,,,,,,,,
960,227,331,336,,,,,,,,,
961,209,331,332,,,,,,,,,
962,194,322,323,,,,,,,,,
963,220,350,350,,,,,,,,,
964,208,208,208,,,,,,,,,
965,204,204,204,,,,,,,,,
966,180,180,180,,,,,,,,,
967,213,213,213,,,,,,,,,
968,182,183,183,,,,,,,,,
969,182,182,182,,,,,,,,,
970,172,172,172,,,,,,,,,
971,184,184,184,,,,,,,,,
972,180,180,180,,,,,,,,,
973,181,181,181,,,,,,,,,
974,197,197,197,,,,,,,,,
975,202,202,202,,,,,,,,,
976,181,181,181,,,,,,,,,
977,182,183,183,,,,,,,,,
978,177,178,178,,,,,,,,,
979,198,198,198,,,,,,,,,
980,263,263,263,,,,,,,,,
981,213,213,213,,,,,,,,,
982,181,181,181,,,,,,,,,
983,171,171,171,,,,,,,,,
984,179,179,179,,,,,,,,,
985,185,185,185,,,,,,,,,
986,174,174,174,,,,,,,,,
987,171,171,171,,,,,,,,,
988,188,188,188,,,,,,,,,
989,180,180,180,,,,,,,,,
990,199,199,199,,,,,,,,,
991,211,211,211,,,,,,,,,
992,200,200,200,,,,,,,,,
993,172,172,172,,,,,,,,,
994,185,185,185,,,,,,,,,
995,179,179,179,,,,,,,,,
996,195,195,195,,,,,,,,,
997,211,213,213,,,,,,,,,
998,171,171,171,,,,,,,,,
999,162,162,162,,,,,,,,,
1000,177,177,177,,,,,,,,,
1001,204,204,204,,,,,,,,,
1002,199,199,199,,,,,,,,,
1003,174,174,174,,,,,,,,,
1004,180,182,182,,,,,,,,,
1005,175,175,175,,,,,,,,,
1006,179,179,179,,,,,,,,,
1007,204,204,204,,,,,,,,,
1008,182,182,182,,,,,,,,,
1009,188,188,188,,,,,,,,,
1010,194,194,194,,,,,,,,,
1011,168,168,168,,,,,,,,,
1012,172,172,172,,,,,,,,,
1013,180,180,180,,,,,,,,,
1014,214,214,214,,,,,,,,,
1015,199,199,199,,,,,,,,,
1016,196,196,196,,,,,,,,,
1017,195,195,195,,,,,,,,,
1018,180,180,180,,,,,,,,,
1019,177,177,177,,,,,,,,,
1020,186,186,186,,,,,,,,,
1021,204,204,204,,,,,,,,,
1022,214,214,214,,,,,,,,,
1023,182,182,182,,,,,,,,,
1024,172,172,172,,,,,,,,,
1025,180,180,180,,,,,,,,,
1026,212,212,213,,,,,,,,,
1027,184,184,184,,,,,,,,,
1028,205,205,205,,,,,,,,,
1029,200,200,200,,,,,,,,,
1030,181,181,181,,,,,,,,,
1031,202,202,202,,,,,,,,,
1032,174,174,174,,,,,,,,,
1033,193,193,193,,,,,,,,,
1034,185,185,185,,,,,,,,,
1035,229,229,229,,,,,,,,,
1036,190,190,190,,,,,,,,,
1037,184,184,184,,,,,,,,,
1038,193,193,193,,,,,,,,,
1039,208,208,208,,,,,,,,,
1040,226,227,227,,,,,,,,,
1041,205,337,337,,,,,,,,,
1042,209,209,209,,,,,,,,,
1043,203,395,399,,,,,,,,,
1044,219,399,399,,,,,,,,,
1045,227,342,344,,,,,,,,,
1046,203,338,340,,,,,,,,,
1047,184,334,334,,,,,,,,,
1048,184,314,314,,,,,,,,,
1049,202,342,350,,,,,,,,,
1050,205,335,339,,,,,,,,,
1051,208,393,393,,,,,,,,,
1052,231,365,365,,,,,,,,,
1053,202,323,323,,,,,,,,,
1054,192,311,311,,,,,,,,,
1055,194,320,326,,,,,,,,,
1056,195,341,342,,,,,,,,,
1057,221,360,362,,,,,,,,,
1058,253,397,398,,,,,,,,,
1059,215,365,366,,,,,,,,,
1060,205,344,346,,,,,,,,,
1061,202,323,323,,,,,,,,,
1062,190,338,338,,,,,,,,,
1063,200,368,370,,,,,,,,,
1064,192,333,333,,,,,,,,,
1065,202,323,323,,,,,,,,,
1066,207,207,207,,,,,,,,,
1067,185,185,185,,,,,,,,,
1068,203,204,204,,,,,,,,,
1069,205,205,205,,,,,,,,,
1070,199,199,200,,,,,,,,,
1071,213,213,214,,,,,,,,,
1072,190,192,192,,,,,,,,,
1073,215,215,216,,,,,,,,,
1074,200,200,201,,,,,,,,,
1075,195,195,195,,,,,,,,,
1076,219,219,219,,,,,,,,,
1077,196,196,196,,,,,,,,,
1078,196,198,198,,,,,,,,,
1079,173,173,173,,,,,,,,,
1080,179,179,179,,,,,,,,,
1081,199,199,199,,,,,,,,,
1082,241,241,241,,,,,,,,,
1083,223,223,223,,,,,,,,,
1084,216,216,216,,,,,,,,,
1085,206,206,206,,,,,,,,,
1086,197,197,197,,,,,,,,,
1087,191,191,192,,,,,,,,,
1088,190,190,190,,,,,,,,,
1089,201,201,201,,,,,,,,,
1090,239,239,239,,,,,,,,,
1091,213,213,213,,,,,,,,,
1092,210,210,210,,,,,,,,,
1093,210,210,210,,,,,,,,,
1094,189,189,189,,,,,,,,,
1095,186,186,186,,,,,,,,,
1096,193,193,194,,,,,,,,,
1097,213,213,213,,,,,,,,,
1098,228,228,228,,,,,,,,,
1099,205,205,205,,,,,,,,,
1100,190,190,190,,,,,,,,,
1101,184,184,184,,,,,,,,,
1102,195,195,195,,,,,,,,,
1103,215,215,215,,,,,,,,,
1104,210,210,210,,,,,,,,,
1105,192,192,192,,,,,,,,,
1106,182,182,182,,,,,,,,,
1107,205,205,205,,,,,,,,,
1108,226,226,226,,,,,,,,,
1109,181,183,183,,,,,,,,,
1110,170,170,170,,,,,,,,,
1111,182,182,182,,,,,,,,,
1112,193,390,391,,,,,,,,,
1113,243,404,404,,,,,,,,,
1114,235,367,372,,,,,,,,,
1115,209,349,349,,,,,,,,,
1116,201,350,350,,,,,,,,,
1117,250,413,415,,,,,,,,,
1118,241,393,395,,,,,,,,,
1119,209,354,355,,,,,,,,,
1120,206,337,339,,,,,,,,,
1121,213,387,389,,,,,,,,,
1122,236,377,379,,,,,,,,,
1123,210,376,376,,,,,,,,,
1124,248,424,424,,,,,,,,,
1125,219,368,369,,,,,,,,,
1126,212,348,348,,,,,,,,,
1127,233,383,383,,,,,,,,,
1128,218,400,401,,,,,,,,,
1129,263,419,425,,,,,,,,,
1130,240,384,384,,,,,,,,,
1131,220,390,390,,,,,,,,,
1132,243,401,403,,,,,,,,,
1133,212,336,338,,,,,,,,,
1134,200,346,346,,,,,,,,,
1135,212,371,371,,,,,,,,,
1136,216,396,399,,,,,,,,,
1137,205,328,328,,,,,,,,,
1138,206,393,395,,,,,,,,,
1139,235,362,362,,,,,,,,,
1140,201,201,201,,,,,,,,,
1141,180,180,180,,,,,,,,,
1142,195,196,196,,,,,,,,,
1143,230,231,231,,,,,,,,,
1144,189,190,190,,,,,,,,,
1145,186,186,187,,,,,,,,,
1146,193,193,193,,,,,,,,,
1147,182,182,182,,,,,,,,,
1148,217,217,217,,,,,,,,,
1149,188,188,188,,,,,,,,,
1150,183,183,183,,,,,,,,,
1151,208,208,208,,,,,,,,,
1152,187,187,187,,,,,,,,,
1153,166,166,166,,,,,,,,,
1154,177,177,177,,,,,,,,,
1155,202,202,202,,,,,,,,,
1156,210,210,210,,,,,,,,,
1157,180,180,180,,,,,,,,,
1158,169,169,169,,,,,,,,,
1159,174,174,174,,,,,,,,,
1160,221,221,221,,,,,,,,,
1161,193,193,193,,,,,,,,,
1162,172,172,172,,,,,,,,,
1163,192,192,192,,,,,,,,,
1164,199,199,199,,,,,,,,,
1165,174,174,174,,,,,,,,,
1166,172,172,172,,,,,,,,,
1167,208,208,208,,,,,,,,,
1168,187,187,188,,,,,,,,,
1169,183,183,183,,,,,,,,,
1170,179,179,179,,,,,,,,,
1171,203,204,204,,,,,,,,,
1172,215,215,215,,,,,,,,,
1173,209,209,209,,,,,,,,,
1174,202,202,202,,,,,,,,,
1175,197,197,197,,,,,,,,,
1176,183,183,183,,,,,,,,,
1177,175,175,175,,,,,,,,,
1178,176,176,176,,,,,,,,,
1179,176,176,176,,,,,,,,,
1180,179,179,179,,,,,,,,,
1181,182,182,182,,,,,,,,,
1182,218,218,218,,,,,,,,,
1183,178,178,178,,,,,,,,,
1184,172,172,172,,,,,,,,,
1185,180,180,180,,,,,,,,,
1186,187,187,187,,,,,,,,,
1187,218,218,218,,,,,,,,,
1188,204,204,204,,,,,,,,,
1189,226,226,227,,,,,,,,,
1190,202,202,202,,,,,,,,,
1191,189,189,189,,,,,,,,,
1192,176,176,176,,,,,,,,,
1193,176,176,176,,,,,,,,,
1194,195,195,195,,,,,,,,,
1195,201,201,201,,,,,,,,,
1196,169,169,171,,,,,,,,,
1197,170,170,170,,,,,,,,,
1198,173,173,178,,,,,,,,,
1199,215,215,215,,,,,,,,,
1200,192,192,192,,,,,,,,,
1201,200,200,200,,,,,,,,,
1202,164,164,164,,,,,,,,,
1203,178,178,178,,,,,,,,,
1204,171,171,171,,,,,,,,,
1205,188,188,188,,,,,,,,,
1206,195,195,195,,,,,,,,,
1207,219,219,219,,,,,,,,,
1208,194,194,194,,,,,,,,,
1209,182,182,182,,,,,,,,,
1210,174,174,174,,,,,,,,,
1211,192,192,192,,,,,,,,,
1212,198,198,202,,,,,,,,,
1213,223,223,223,,,,,,,,,
1214,260,260,260,,,,,,,,,
1215,251,251,251,,,,,,,,,
1216,193,193,193,,,,,,,,,
1217,180,180,180,,,,,,,,,
1218,212,212,212,,,,,,,,,
1219,249,249,249,,,,,,,,,
1220,205,210,210,,,,,,,,,
1221,198,198,198,,,,,,,,,
1222,195,195,195,,,,,,,,,
1223,227,227,227,,,,,,,,,
1224,235,235,235,,,,,,,,,
1225,200,200,200,,,,,,,,,
1226,211,212,212,,,,,,,,,
1227,250,251,251,,,,,,,,,
1228,242,242,242,,,,,,,,,
1229,223,223,223,,,,,,,,,
1230,215,215,215,,,,,,,,,
1231,202,202,202,,,,,,,,,
1232,199,199,199,,,,,,,,,
1233,194,194,194,,,,,,,,,
1234,232,232,232,,,,,,,,,
1235,207,207,207,,,,,,,,,
1236,181,181,181,,,,,,,,,
1237,178,178,178,,,,,,,,,
1238,200,200,200,,,,,,,,,
1239,225,225,225,,,,,,,,,
1240,213,213,213,,,,,,,,,
1241,199,200,200,,,,,,,,,
1242,208,208,208,,,,,,,,,
1243,234,234,234,,,,,,,,,
1244,228,229,229,,,,,,,,,
1245,213,213,213,,,,,,,,,
1246,185,185,185,,,,,,,,,
1247,209,209,209,,,,,,,,,
1248,243,243,245,,,,,,,,,
1249,220,220,220,,,,,,,,,
1250,231,231,231,,,,,,,,,
1251,192,192,192,,,,,,,,,
1252,194,194,194,,,,,,,,,
1253,187,187,187,,,,,,,,,
1254,198,198,198,,,,,,,,,
1255,201,201,209,,,,,,,,,
1256,206,206,206,,,,,,,,,
1257,207,207,207,,,,,,,,,
1258,202,202,202,,,,,,,,,
1259,193,193,193,,,,,,,,,
1260,207,207,207,,,,,,,,,
1261,244,244,244,,,,,,,,,
1262,213,213,213,,,,,,,,,
1263,192,192,192,,,,,,,,,
1264,176,176,177,,,,,,,,,
1265,190,190,190,,,,,,,,,
1266,206,206,206,,,,,,,,,
1267,202,202,202,,,,,,,,,
1268,164,164,164,,,,,,,,,
1269,159,159,159,,,,,,,,,
1270,167,167,167,,,,,,,,,
1271,175,175,175,,,,,,,,,
1272,195,195,195,,,,,,,,,
1273,204,204,204,,,,,,,,,
1274,186,186,186,,,,,,,,,
1275,174,174,174,,,,,,,,,
1276,170,170,172,,,,,,,,,
1277,202,202,202,,,,,,,,,
1278,185,185,185,,,,,,,,,
1279,182,182,184,,,,,,,,,
1280,195,195,195,,,,,,,,,
1281,185,185,185,,,,,,,,,
1282,159,159,159,,,,,,,,,
1283,160,160,160,,,,,,,,,
1284,169,169,169,,,,,,,,,
1285,175,175,175,,,,,,,,,
1286,190,190,190,,,,,,,,,
1287,191,191,191,,,,,,,,,
1288,194,194,194,,,,,,,,,
1289,175,175,175,,,,,,,,,
1290,192,192,192,,,,,,,,,
1291,206,206,207,,,,,,,,,
1292,224,224,224,,,,,,,,,
1293,212,212,212,,,,,,,,,
1294,184,184,184,,,,,,,,,
1295,161,161,161,,,,,,,,,
1296,167,167,167,,,,,,,,,
1297,167,167,167,,,,,,,,,
1298,204,204,204,,,,,,,,,
1299,194,194,194,,,,,,,,,
1300,161,161,161,,,,,,,,,
1301,162,162,162,,,,,,,,,
1302,162,162,162,,,,,,,,,
1303,178,178,178,,,,,,,,,
1304,170,170,170,,,,,,,,,
1305,164,164,164,,,,,,,,,
1306,189,189,189,,,,,,,,,
1307,170,170,170,,,,,,,,,
1308,180,180,180,,,,,,,,,
1309,170,170,170,,,,,,,,,
1310,178,178,178,,,,,,,,,
1311,168,168,168,,,,,,,,,
1312,197,197,197,,,,,,,,,
1313,195,195,195,,,,,,,,,
1314,184,184,184,,,,,,,,,
1315,160,160,160,,,,,,,,,
1316,171,171,171,,,,,,,,,
1317,171,171,171,,,,,,,,,
1318,209,209,209,,,,,,,,,
1319,180,180,180,,,,,,,,,
1320,187,187,187,,,,,,,,,
1321,176,176,176,,,,,,,,,
1322,206,206,206,,,,,,,,,
1323,192,192,192,,,,,,,,,
1324,175,175,175,,,,,,,,,
1325,160,160,160,,,,,,,,,
1326,175,176,176,,,,,,,,,
1327,178,178,178,,,,,,,,,
1328,216,216,216,,,,,,,,,
1329,204,204,204,,,,,,,,,
1330,197,197,198,,,,,,,,,
1331,194,195,195,,,,,,,,,
1332,180,180,180,,,,,,,,,
1333,173,173,173,,,,,,,,,
1334,170,170,170,,,,,,,,,
1335,194,194,194,,,,,,,,,
1336,212,212,212,,,,,,,,,
1337,192,192,192,,,,,,,,,
1338,177,177,178,,,,,,,,,
1339,178,178,178,,,,,,,,,
1340,193,193,193,,,,,,,,,
1341,216,216,216,,,,,,,,,
1342,198,198,198,,,,,,,,,
1343,170,170,170,,,,,,,,,
1344,175,175,175,,,,,,,,,
1345,164,164,164,,,,,,,,,
1346,175,175,175,,,,,,,,,
1347,197,197,197,,,,,,,,,
1348,219,219,219,,,,,,,,,
1349,192,192,192,,,,,,,,,
1350,192,192,192,,,,,,,,,
1351,174,174,175,,,,,,,,,
1352,184,184,184,,,,,,,,,
1353,190,190,190,,,,,,,,,
1354,186,186,186,,,,,,,,,
1355,165,165,165,,,,,,,,,
1356,159,159,159,,,,,,,,,
1357,175,175,175,,,,,,,,,
1358,182,182,182,,,,,,,,,
1359,192,192,194,,,,,,,,,
1360,206,206,206,,,,,,,,,
1361,195,195,195,,,,,,,,,
1362,185,185,187,,,,,,,,,
1363,180,180,180,,,,,,,,,
1364,189,189,189,,,,,,,,,
1365,177,177,177,,,,,,,,,
1366,183,183,183,,,,,,,,,
1367,197,197,197,,,,,,,,,
1368,206,211,211,,,,,,,,,
1369,177,177,177,,,,,,,,,
1370,207,207,207,,,,,,,,,
1371,185,185,185,,,,,,,,,
1372,172,172,172,,,,,,,,,
1373,170,170,170,,,,,,,,,
1374,175,180,180,,,,,,,,,
1375,177,177,177,,,,,,,,,
1376,190,190,190,,,,,,,,,
1377,202,202,202,,,,,,,,,
1378,184,184,184,,,,,,,,,
1379,171,171,171,,,,,,,,,
1380,169,169,169,,,,,,,,,
1381,173,173,173,,,,,,,,,
1382,170,170,170,,,,,,,,,
1383,174,174,174,,,,,,,,,
1384,195,195,195,,,,,,,,,
1385,220,220,220,,,,,,,,,
1386,189,189,189,,,,,,,,,
1387,171,171,171,,,,,,,,,
1388,170,170,170,,,,,,,,,
1389,177,177,177,,,,,,,,,
1390,182,182,182,,,,,,,,,
1391,175,175,175,,,,,,,,,
1392,176,176,176,,,,,,,,,
1393,169,169,169,,,,,,,,,
1394,211,211,211,,,,,,,,,
1395,182,182,182,,,,,,,,,
1396,173,173,173,,,,,,,,,
1397,170,170,170,,,,,,,,,
1398,161,161,161,,,,,,,,,
1399,172,172,172,,,,,,,,,
1400,179,179,179,,,,,,,,,
1401,182,182,182,,,,,,,,,
1402,189,189,189,,,,,,,,,
1403,182,182,182,,,,,,,,,
1404,229,229,229,,,,,,,,,
1405,179,179,179,,,,,,,,,
1406,186,186,188,,,,,,,,,
1407,194,194,194,,,,,,,,,
1408,174,174,174,,,,,,,,,
1409,184,184,184,,,,,,,,,
1410,177,177,177,,,,,,,,,
1411,153,161,161,,,,,,,,,
1412,164,164,164,,,,,,,,,
1413,165,165,165,,,,,,,,,
1414,179,179,179,,,,,,,,,
1415,175,175,175,,,,,,,,,
1416,188,188,188,,,,,,,,,
1417,190,190,190,,,,,,,,,
1418,211,212,212,,,,,,,,,
1419,198,198,199,,,,,,,,,
1420,190,190,190,,,,,,,,,
1421,171,171,172,,,,,,,,,
1422,181,181,181,,,,,,,,,
1423,180,180,180,,,,,,,,,
1424,174,174,174,,,,,,,,,
1425,200,200,200,,,,,,,,,
1426,196,196,196,,,,,,,,,
1427,176,176,176,,,,,,,,,
1428,167,167,167,,,,,,,,,
1429,174,174,174,,,,,,,,,
1430,176,176,176,,,,,,,,,
1431,217,217,217,,,,,,,,,
1432,204,204,204,,,,,,,,,
1433,182,182,182,,,,,,,,,
1434,189,189,189,,,,,,,,,
1435,197,197,197,,,,,,,,,
1436,171,171,171,,,,,,,,,
1437,167,295,295,,,,,,,,,
1438,205,333,334,,,,,,,,,
1439,214,356,356,,,,,,,,,
1440,241,372,372,,,,,,,,,
1441,214,333,333,,,,,,,,,
1442,200,339,347,,,,,,,,,
1443,202,333,333,,,,,,,,,
1444,202,352,352,,,,,,,,,
1445,249,403,403,,,,,,,,,
1446,204,348,348,,,,,,,,,
1447,199,328,328,,,,,,,,,
1448,196,354,355,,,,,,,,,
1449,200,353,355,,,,,,,,,
1450,209,378,380,,,,,,,,,
1451,224,373,375,,,,,,,,,
1452,205,334,335,,,,,,,,,
1453,209,387,388,,,,,,,,,
1454,226,370,372,,,,,,,,,
1455,212,327,329,,,,,,,,,
1456,183,323,323,,,,,,,,,
1457,196,324,325,,,,,,,,,
1458,219,397,398,,,,,,,,,
1459,225,225,225,,,,,,,,,
1460,213,213,213,,,,,,,,,
1461,193,193,193,,,,,,,,,
1462,183,183,183,,,,,,,,,
1463,185,185,185,,,,,,,,,
1464,164,164,164,,,,,,,,,
1465,204,204,204,,,,,,,,,
1466,195,195,195,,,,,,,,,
1467,166,166,166,,,,,,,,,
1468,200,200,200,,,,,,,,,
1469,198,198,198,,,,,,,,,
1470,192,350,350,,,,,,,,,
1471,217,217,217,,,,,,,,,
1472,186,315,315,,,,,,,,,
1473,212,333,333,,,,,,,,,
1474,196,196,196,,,,,,,,,
1475,180,355,355,,,,,,,,,
1476,239,390,390,,,,,,,,,
1477,202,327,334,,,,,,,,,
1478,209,209,209,,,,,,,,,
1479,190,382,389,,,,,,,,,
1480,225,366,366,,,,,,,,,
1481,212,338,343,,,,,,,,,
1482,195,321,321,,,,,,,,,
1483,196,312,312,,,,,,,,,
1484,194,338,339,,,,,,,,,
1485,208,209,209,,,,,,,,,
1486,199,199,199,,,,,,,,,
1487,190,190,190,,,,,,,,,
1488,175,175,175,,,,,,,,,
1489,186,186,186,,,,,,,,,
1490,212,213,213,,,,,,,,,
1491,218,219,219,,,,,,,,,
1492,219,219,219,,,,,,,,,
1493,198,200,200,,,,,,,,,
1494,183,183,183,,,,,,,,,
